/home/ilya/indeed/CarND-Behavioral-Cloning-P3/9_edge_avoidance_track_2/IMG/center_2017_11_07_23_10_02_338.jpg,/home/ilya/indeed/CarND-Behavioral-Cloning-P3/9_edge_avoidance_track_2/IMG/left_2017_11_07_23_10_02_338.jpg,/home/ilya/indeed/CarND-Behavioral-Cloning-P3/9_edge_avoidance_track_2/IMG/right_2017_11_07_23_10_02_338.jpg,0,0,0,7.287643
/home/ilya/indeed/CarND-Behavioral-Cloning-P3/9_edge_avoidance_track_2/IMG/center_2017_11_07_23_10_02_407.jpg,/home/ilya/indeed/CarND-Behavioral-Cloning-P3/9_edge_avoidance_track_2/IMG/left_2017_11_07_23_10_02_407.jpg,/home/ilya/indeed/CarND-Behavioral-Cloning-P3/9_edge_avoidance_track_2/IMG/right_2017_11_07_23_10_02_407.jpg,0,0,0,6.955574
/home/ilya/indeed/CarND-Behavioral-Cloning-P3/9_edge_avoidance_track_2/IMG/center_2017_11_07_23_10_02_476.jpg,/home/ilya/indeed/CarND-Behavioral-Cloning-P3/9_edge_avoidance_track_2/IMG/left_2017_11_07_23_10_02_476.jpg,/home/ilya/indeed/CarND-Behavioral-Cloning-P3/9_edge_avoidance_track_2/IMG/right_2017_11_07_23_10_02_476.jpg,0,0.1201952,0,6.746789
/home/ilya/indeed/CarND-Behavioral-Cloning-P3/9_edge_avoidance_track_2/IMG/center_2017_11_07_23_10_02_545.jpg,/home/ilya/indeed/CarND-Behavioral-Cloning-P3/9_edge_avoidance_track_2/IMG/left_2017_11_07_23_10_02_545.jpg,/home/ilya/indeed/CarND-Behavioral-Cloning-P3/9_edge_avoidance_track_2/IMG/right_2017_11_07_23_10_02_545.jpg,0,0.3643377,0,6.670866
/home/ilya/indeed/CarND-Behavioral-Cloning-P3/9_edge_avoidance_track_2/IMG/center_2017_11_07_23_10_02_614.jpg,/home/ilya/indeed/CarND-Behavioral-Cloning-P3/9_edge_avoidance_track_2/IMG/left_2017_11_07_23_10_02_614.jpg,/home/ilya/indeed/CarND-Behavioral-Cloning-P3/9_edge_avoidance_track_2/IMG/right_2017_11_07_23_10_02_614.jpg,0,0.5452952,0,6.76732
/home/ilya/indeed/CarND-Behavioral-Cloning-P3/9_edge_avoidance_track_2/IMG/center_2017_11_07_23_10_02_682.jpg,/home/ilya/indeed/CarND-Behavioral-Cloning-P3/9_edge_avoidance_track_2/IMG/left_2017_11_07_23_10_02_682.jpg,/home/ilya/indeed/CarND-Behavioral-Cloning-P3/9_edge_avoidance_track_2/IMG/right_2017_11_07_23_10_02_682.jpg,0,0.7271848,0,6.998708
/home/ilya/indeed/CarND-Behavioral-Cloning-P3/9_edge_avoidance_track_2/IMG/center_2017_11_07_23_10_02_752.jpg,/home/ilya/indeed/CarND-Behavioral-Cloning-P3/9_edge_avoidance_track_2/IMG/left_2017_11_07_23_10_02_752.jpg,/home/ilya/indeed/CarND-Behavioral-Cloning-P3/9_edge_avoidance_track_2/IMG/right_2017_11_07_23_10_02_752.jpg,0,0.9591837,0,7.510432
/home/ilya/indeed/CarND-Behavioral-Cloning-P3/9_edge_avoidance_track_2/IMG/center_2017_11_07_23_10_02_821.jpg,/home/ilya/indeed/CarND-Behavioral-Cloning-P3/9_edge_avoidance_track_2/IMG/left_2017_11_07_23_10_02_821.jpg,/home/ilya/indeed/CarND-Behavioral-Cloning-P3/9_edge_avoidance_track_2/IMG/right_2017_11_07_23_10_02_821.jpg,0.02347418,1,0,8.006705
/home/ilya/indeed/CarND-Behavioral-Cloning-P3/9_edge_avoidance_track_2/IMG/center_2017_11_07_23_10_02_891.jpg,/home/ilya/indeed/CarND-Behavioral-Cloning-P3/9_edge_avoidance_track_2/IMG/left_2017_11_07_23_10_02_891.jpg,/home/ilya/indeed/CarND-Behavioral-Cloning-P3/9_edge_avoidance_track_2/IMG/right_2017_11_07_23_10_02_891.jpg,0.08920188,1,0,8.618876
/home/ilya/indeed/CarND-Behavioral-Cloning-P3/9_edge_avoidance_track_2/IMG/center_2017_11_07_23_10_02_959.jpg,/home/ilya/indeed/CarND-Behavioral-Cloning-P3/9_edge_avoidance_track_2/IMG/left_2017_11_07_23_10_02_959.jpg,/home/ilya/indeed/CarND-Behavioral-Cloning-P3/9_edge_avoidance_track_2/IMG/right_2017_11_07_23_10_02_959.jpg,0.1596244,1,0,8.737604
/home/ilya/indeed/CarND-Behavioral-Cloning-P3/9_edge_avoidance_track_2/IMG/center_2017_11_07_23_10_03_029.jpg,/home/ilya/indeed/CarND-Behavioral-Cloning-P3/9_edge_avoidance_track_2/IMG/left_2017_11_07_23_10_03_029.jpg,/home/ilya/indeed/CarND-Behavioral-Cloning-P3/9_edge_avoidance_track_2/IMG/right_2017_11_07_23_10_03_029.jpg,0.2629108,1,0,9.263101
/home/ilya/indeed/CarND-Behavioral-Cloning-P3/9_edge_avoidance_track_2/IMG/center_2017_11_07_23_10_03_098.jpg,/home/ilya/indeed/CarND-Behavioral-Cloning-P3/9_edge_avoidance_track_2/IMG/left_2017_11_07_23_10_03_098.jpg,/home/ilya/indeed/CarND-Behavioral-Cloning-P3/9_edge_avoidance_track_2/IMG/right_2017_11_07_23_10_03_098.jpg,0.2629108,1,0,9.548576
/home/ilya/indeed/CarND-Behavioral-Cloning-P3/9_edge_avoidance_track_2/IMG/center_2017_11_07_23_10_03_168.jpg,/home/ilya/indeed/CarND-Behavioral-Cloning-P3/9_edge_avoidance_track_2/IMG/left_2017_11_07_23_10_03_168.jpg,/home/ilya/indeed/CarND-Behavioral-Cloning-P3/9_edge_avoidance_track_2/IMG/right_2017_11_07_23_10_03_168.jpg,0.2629108,1,0,9.808675
/home/ilya/indeed/CarND-Behavioral-Cloning-P3/9_edge_avoidance_track_2/IMG/center_2017_11_07_23_10_03_237.jpg,/home/ilya/indeed/CarND-Behavioral-Cloning-P3/9_edge_avoidance_track_2/IMG/left_2017_11_07_23_10_03_237.jpg,/home/ilya/indeed/CarND-Behavioral-Cloning-P3/9_edge_avoidance_track_2/IMG/right_2017_11_07_23_10_03_237.jpg,0.2629108,1,0,10.15079
/home/ilya/indeed/CarND-Behavioral-Cloning-P3/9_edge_avoidance_track_2/IMG/center_2017_11_07_23_10_03_308.jpg,/home/ilya/indeed/CarND-Behavioral-Cloning-P3/9_edge_avoidance_track_2/IMG/left_2017_11_07_23_10_03_308.jpg,/home/ilya/indeed/CarND-Behavioral-Cloning-P3/9_edge_avoidance_track_2/IMG/right_2017_11_07_23_10_03_308.jpg,0.2629108,1,0,10.60734
/home/ilya/indeed/CarND-Behavioral-Cloning-P3/9_edge_avoidance_track_2/IMG/center_2017_11_07_23_10_03_376.jpg,/home/ilya/indeed/CarND-Behavioral-Cloning-P3/9_edge_avoidance_track_2/IMG/left_2017_11_07_23_10_03_376.jpg,/home/ilya/indeed/CarND-Behavioral-Cloning-P3/9_edge_avoidance_track_2/IMG/right_2017_11_07_23_10_03_376.jpg,0.2629108,1,0,10.92988
/home/ilya/indeed/CarND-Behavioral-Cloning-P3/9_edge_avoidance_track_2/IMG/center_2017_11_07_23_10_03_447.jpg,/home/ilya/indeed/CarND-Behavioral-Cloning-P3/9_edge_avoidance_track_2/IMG/left_2017_11_07_23_10_03_447.jpg,/home/ilya/indeed/CarND-Behavioral-Cloning-P3/9_edge_avoidance_track_2/IMG/right_2017_11_07_23_10_03_447.jpg,0.2676056,1,0,11.43149
/home/ilya/indeed/CarND-Behavioral-Cloning-P3/9_edge_avoidance_track_2/IMG/center_2017_11_07_23_10_03_517.jpg,/home/ilya/indeed/CarND-Behavioral-Cloning-P3/9_edge_avoidance_track_2/IMG/left_2017_11_07_23_10_03_517.jpg,/home/ilya/indeed/CarND-Behavioral-Cloning-P3/9_edge_avoidance_track_2/IMG/right_2017_11_07_23_10_03_517.jpg,0.2676056,1,0,11.4734
/home/ilya/indeed/CarND-Behavioral-Cloning-P3/9_edge_avoidance_track_2/IMG/center_2017_11_07_23_10_03_588.jpg,/home/ilya/indeed/CarND-Behavioral-Cloning-P3/9_edge_avoidance_track_2/IMG/left_2017_11_07_23_10_03_588.jpg,/home/ilya/indeed/CarND-Behavioral-Cloning-P3/9_edge_avoidance_track_2/IMG/right_2017_11_07_23_10_03_588.jpg,0.2676056,1,0,12.01775
/home/ilya/indeed/CarND-Behavioral-Cloning-P3/9_edge_avoidance_track_2/IMG/center_2017_11_07_23_10_03_653.jpg,/home/ilya/indeed/CarND-Behavioral-Cloning-P3/9_edge_avoidance_track_2/IMG/left_2017_11_07_23_10_03_653.jpg,/home/ilya/indeed/CarND-Behavioral-Cloning-P3/9_edge_avoidance_track_2/IMG/right_2017_11_07_23_10_03_653.jpg,0.2676056,1,0,12.19938
/home/ilya/indeed/CarND-Behavioral-Cloning-P3/9_edge_avoidance_track_2/IMG/center_2017_11_07_23_10_03_720.jpg,/home/ilya/indeed/CarND-Behavioral-Cloning-P3/9_edge_avoidance_track_2/IMG/left_2017_11_07_23_10_03_720.jpg,/home/ilya/indeed/CarND-Behavioral-Cloning-P3/9_edge_avoidance_track_2/IMG/right_2017_11_07_23_10_03_720.jpg,0.2676056,1,0,12.50231
/home/ilya/indeed/CarND-Behavioral-Cloning-P3/9_edge_avoidance_track_2/IMG/center_2017_11_07_23_10_03_787.jpg,/home/ilya/indeed/CarND-Behavioral-Cloning-P3/9_edge_avoidance_track_2/IMG/left_2017_11_07_23_10_03_787.jpg,/home/ilya/indeed/CarND-Behavioral-Cloning-P3/9_edge_avoidance_track_2/IMG/right_2017_11_07_23_10_03_787.jpg,0.2676056,1,0,12.96139
/home/ilya/indeed/CarND-Behavioral-Cloning-P3/9_edge_avoidance_track_2/IMG/center_2017_11_07_23_10_03_856.jpg,/home/ilya/indeed/CarND-Behavioral-Cloning-P3/9_edge_avoidance_track_2/IMG/left_2017_11_07_23_10_03_856.jpg,/home/ilya/indeed/CarND-Behavioral-Cloning-P3/9_edge_avoidance_track_2/IMG/right_2017_11_07_23_10_03_856.jpg,0.2676056,1,0,13.36305
/home/ilya/indeed/CarND-Behavioral-Cloning-P3/9_edge_avoidance_track_2/IMG/center_2017_11_07_23_10_03_925.jpg,/home/ilya/indeed/CarND-Behavioral-Cloning-P3/9_edge_avoidance_track_2/IMG/left_2017_11_07_23_10_03_925.jpg,/home/ilya/indeed/CarND-Behavioral-Cloning-P3/9_edge_avoidance_track_2/IMG/right_2017_11_07_23_10_03_925.jpg,0.2676056,1,0,13.84443
/home/ilya/indeed/CarND-Behavioral-Cloning-P3/9_edge_avoidance_track_2/IMG/center_2017_11_07_23_10_03_994.jpg,/home/ilya/indeed/CarND-Behavioral-Cloning-P3/9_edge_avoidance_track_2/IMG/left_2017_11_07_23_10_03_994.jpg,/home/ilya/indeed/CarND-Behavioral-Cloning-P3/9_edge_avoidance_track_2/IMG/right_2017_11_07_23_10_03_994.jpg,0.2676056,1,0,14.03377
/home/ilya/indeed/CarND-Behavioral-Cloning-P3/9_edge_avoidance_track_2/IMG/center_2017_11_07_23_10_04_066.jpg,/home/ilya/indeed/CarND-Behavioral-Cloning-P3/9_edge_avoidance_track_2/IMG/left_2017_11_07_23_10_04_066.jpg,/home/ilya/indeed/CarND-Behavioral-Cloning-P3/9_edge_avoidance_track_2/IMG/right_2017_11_07_23_10_04_066.jpg,0.2676056,1,0,14.53594
/home/ilya/indeed/CarND-Behavioral-Cloning-P3/9_edge_avoidance_track_2/IMG/center_2017_11_07_23_10_04_133.jpg,/home/ilya/indeed/CarND-Behavioral-Cloning-P3/9_edge_avoidance_track_2/IMG/left_2017_11_07_23_10_04_133.jpg,/home/ilya/indeed/CarND-Behavioral-Cloning-P3/9_edge_avoidance_track_2/IMG/right_2017_11_07_23_10_04_133.jpg,0.2676056,1,0,14.87643
/home/ilya/indeed/CarND-Behavioral-Cloning-P3/9_edge_avoidance_track_2/IMG/center_2017_11_07_23_10_04_200.jpg,/home/ilya/indeed/CarND-Behavioral-Cloning-P3/9_edge_avoidance_track_2/IMG/left_2017_11_07_23_10_04_200.jpg,/home/ilya/indeed/CarND-Behavioral-Cloning-P3/9_edge_avoidance_track_2/IMG/right_2017_11_07_23_10_04_200.jpg,0.2676056,1,0,14.94893
/home/ilya/indeed/CarND-Behavioral-Cloning-P3/9_edge_avoidance_track_2/IMG/center_2017_11_07_23_10_04_268.jpg,/home/ilya/indeed/CarND-Behavioral-Cloning-P3/9_edge_avoidance_track_2/IMG/left_2017_11_07_23_10_04_268.jpg,/home/ilya/indeed/CarND-Behavioral-Cloning-P3/9_edge_avoidance_track_2/IMG/right_2017_11_07_23_10_04_268.jpg,0.2676056,1,0,15.41896
/home/ilya/indeed/CarND-Behavioral-Cloning-P3/9_edge_avoidance_track_2/IMG/center_2017_11_07_23_10_04_337.jpg,/home/ilya/indeed/CarND-Behavioral-Cloning-P3/9_edge_avoidance_track_2/IMG/left_2017_11_07_23_10_04_337.jpg,/home/ilya/indeed/CarND-Behavioral-Cloning-P3/9_edge_avoidance_track_2/IMG/right_2017_11_07_23_10_04_337.jpg,0,0.9416165,0,15.8002
/home/ilya/indeed/CarND-Behavioral-Cloning-P3/9_edge_avoidance_track_2/IMG/center_2017_11_07_23_10_04_407.jpg,/home/ilya/indeed/CarND-Behavioral-Cloning-P3/9_edge_avoidance_track_2/IMG/left_2017_11_07_23_10_04_407.jpg,/home/ilya/indeed/CarND-Behavioral-Cloning-P3/9_edge_avoidance_track_2/IMG/right_2017_11_07_23_10_04_407.jpg,0,0.693445,0,16.03481
/home/ilya/indeed/CarND-Behavioral-Cloning-P3/9_edge_avoidance_track_2/IMG/center_2017_11_07_23_10_04_509.jpg,/home/ilya/indeed/CarND-Behavioral-Cloning-P3/9_edge_avoidance_track_2/IMG/left_2017_11_07_23_10_04_509.jpg,/home/ilya/indeed/CarND-Behavioral-Cloning-P3/9_edge_avoidance_track_2/IMG/right_2017_11_07_23_10_04_509.jpg,0,0.4304619,0,15.70978
/home/ilya/indeed/CarND-Behavioral-Cloning-P3/9_edge_avoidance_track_2/IMG/center_2017_11_07_23_10_22_474.jpg,/home/ilya/indeed/CarND-Behavioral-Cloning-P3/9_edge_avoidance_track_2/IMG/left_2017_11_07_23_10_22_474.jpg,/home/ilya/indeed/CarND-Behavioral-Cloning-P3/9_edge_avoidance_track_2/IMG/right_2017_11_07_23_10_22_474.jpg,0,0.04312873,0,5.162607
/home/ilya/indeed/CarND-Behavioral-Cloning-P3/9_edge_avoidance_track_2/IMG/center_2017_11_07_23_10_22_542.jpg,/home/ilya/indeed/CarND-Behavioral-Cloning-P3/9_edge_avoidance_track_2/IMG/left_2017_11_07_23_10_22_542.jpg,/home/ilya/indeed/CarND-Behavioral-Cloning-P3/9_edge_avoidance_track_2/IMG/right_2017_11_07_23_10_22_542.jpg,0,0,0,4.825085
/home/ilya/indeed/CarND-Behavioral-Cloning-P3/9_edge_avoidance_track_2/IMG/center_2017_11_07_23_10_22_611.jpg,/home/ilya/indeed/CarND-Behavioral-Cloning-P3/9_edge_avoidance_track_2/IMG/left_2017_11_07_23_10_22_611.jpg,/home/ilya/indeed/CarND-Behavioral-Cloning-P3/9_edge_avoidance_track_2/IMG/right_2017_11_07_23_10_22_611.jpg,0,0,0,4.374678
/home/ilya/indeed/CarND-Behavioral-Cloning-P3/9_edge_avoidance_track_2/IMG/center_2017_11_07_23_10_22_679.jpg,/home/ilya/indeed/CarND-Behavioral-Cloning-P3/9_edge_avoidance_track_2/IMG/left_2017_11_07_23_10_22_679.jpg,/home/ilya/indeed/CarND-Behavioral-Cloning-P3/9_edge_avoidance_track_2/IMG/right_2017_11_07_23_10_22_679.jpg,0,0,0,4.038924
/home/ilya/indeed/CarND-Behavioral-Cloning-P3/9_edge_avoidance_track_2/IMG/center_2017_11_07_23_10_22_746.jpg,/home/ilya/indeed/CarND-Behavioral-Cloning-P3/9_edge_avoidance_track_2/IMG/left_2017_11_07_23_10_22_746.jpg,/home/ilya/indeed/CarND-Behavioral-Cloning-P3/9_edge_avoidance_track_2/IMG/right_2017_11_07_23_10_22_746.jpg,0,0.1307731,0,3.615629
/home/ilya/indeed/CarND-Behavioral-Cloning-P3/9_edge_avoidance_track_2/IMG/center_2017_11_07_23_10_22_815.jpg,/home/ilya/indeed/CarND-Behavioral-Cloning-P3/9_edge_avoidance_track_2/IMG/left_2017_11_07_23_10_22_815.jpg,/home/ilya/indeed/CarND-Behavioral-Cloning-P3/9_edge_avoidance_track_2/IMG/right_2017_11_07_23_10_22_815.jpg,0.02347418,0.3077939,0,3.444668
/home/ilya/indeed/CarND-Behavioral-Cloning-P3/9_edge_avoidance_track_2/IMG/center_2017_11_07_23_10_22_883.jpg,/home/ilya/indeed/CarND-Behavioral-Cloning-P3/9_edge_avoidance_track_2/IMG/left_2017_11_07_23_10_22_883.jpg,/home/ilya/indeed/CarND-Behavioral-Cloning-P3/9_edge_avoidance_track_2/IMG/right_2017_11_07_23_10_22_883.jpg,0.08450703,0.4817734,0,3.406374
/home/ilya/indeed/CarND-Behavioral-Cloning-P3/9_edge_avoidance_track_2/IMG/center_2017_11_07_23_10_22_951.jpg,/home/ilya/indeed/CarND-Behavioral-Cloning-P3/9_edge_avoidance_track_2/IMG/left_2017_11_07_23_10_22_951.jpg,/home/ilya/indeed/CarND-Behavioral-Cloning-P3/9_edge_avoidance_track_2/IMG/right_2017_11_07_23_10_22_951.jpg,0.1549296,0.7298255,0,3.576613
/home/ilya/indeed/CarND-Behavioral-Cloning-P3/9_edge_avoidance_track_2/IMG/center_2017_11_07_23_10_23_018.jpg,/home/ilya/indeed/CarND-Behavioral-Cloning-P3/9_edge_avoidance_track_2/IMG/left_2017_11_07_23_10_23_018.jpg,/home/ilya/indeed/CarND-Behavioral-Cloning-P3/9_edge_avoidance_track_2/IMG/right_2017_11_07_23_10_23_018.jpg,0.1971831,0.9037049,0,3.820579
/home/ilya/indeed/CarND-Behavioral-Cloning-P3/9_edge_avoidance_track_2/IMG/center_2017_11_07_23_10_23_087.jpg,/home/ilya/indeed/CarND-Behavioral-Cloning-P3/9_edge_avoidance_track_2/IMG/left_2017_11_07_23_10_23_087.jpg,/home/ilya/indeed/CarND-Behavioral-Cloning-P3/9_edge_avoidance_track_2/IMG/right_2017_11_07_23_10_23_087.jpg,0.2394366,1,0,4.308187
/home/ilya/indeed/CarND-Behavioral-Cloning-P3/9_edge_avoidance_track_2/IMG/center_2017_11_07_23_10_23_155.jpg,/home/ilya/indeed/CarND-Behavioral-Cloning-P3/9_edge_avoidance_track_2/IMG/left_2017_11_07_23_10_23_155.jpg,/home/ilya/indeed/CarND-Behavioral-Cloning-P3/9_edge_avoidance_track_2/IMG/right_2017_11_07_23_10_23_155.jpg,0.2441315,1,0,4.710085
/home/ilya/indeed/CarND-Behavioral-Cloning-P3/9_edge_avoidance_track_2/IMG/center_2017_11_07_23_10_23_226.jpg,/home/ilya/indeed/CarND-Behavioral-Cloning-P3/9_edge_avoidance_track_2/IMG/left_2017_11_07_23_10_23_226.jpg,/home/ilya/indeed/CarND-Behavioral-Cloning-P3/9_edge_avoidance_track_2/IMG/right_2017_11_07_23_10_23_226.jpg,0.2441315,1,0,5.243093
/home/ilya/indeed/CarND-Behavioral-Cloning-P3/9_edge_avoidance_track_2/IMG/center_2017_11_07_23_10_23_295.jpg,/home/ilya/indeed/CarND-Behavioral-Cloning-P3/9_edge_avoidance_track_2/IMG/left_2017_11_07_23_10_23_295.jpg,/home/ilya/indeed/CarND-Behavioral-Cloning-P3/9_edge_avoidance_track_2/IMG/right_2017_11_07_23_10_23_295.jpg,0.2441315,1,0,5.645532
/home/ilya/indeed/CarND-Behavioral-Cloning-P3/9_edge_avoidance_track_2/IMG/center_2017_11_07_23_10_23_365.jpg,/home/ilya/indeed/CarND-Behavioral-Cloning-P3/9_edge_avoidance_track_2/IMG/left_2017_11_07_23_10_23_365.jpg,/home/ilya/indeed/CarND-Behavioral-Cloning-P3/9_edge_avoidance_track_2/IMG/right_2017_11_07_23_10_23_365.jpg,0.2441315,1,0,6.177243
/home/ilya/indeed/CarND-Behavioral-Cloning-P3/9_edge_avoidance_track_2/IMG/center_2017_11_07_23_10_23_433.jpg,/home/ilya/indeed/CarND-Behavioral-Cloning-P3/9_edge_avoidance_track_2/IMG/left_2017_11_07_23_10_23_433.jpg,/home/ilya/indeed/CarND-Behavioral-Cloning-P3/9_edge_avoidance_track_2/IMG/right_2017_11_07_23_10_23_433.jpg,0.2723005,1,0,6.584805
/home/ilya/indeed/CarND-Behavioral-Cloning-P3/9_edge_avoidance_track_2/IMG/center_2017_11_07_23_10_23_501.jpg,/home/ilya/indeed/CarND-Behavioral-Cloning-P3/9_edge_avoidance_track_2/IMG/left_2017_11_07_23_10_23_501.jpg,/home/ilya/indeed/CarND-Behavioral-Cloning-P3/9_edge_avoidance_track_2/IMG/right_2017_11_07_23_10_23_501.jpg,0.286385,1,0,6.998172
/home/ilya/indeed/CarND-Behavioral-Cloning-P3/9_edge_avoidance_track_2/IMG/center_2017_11_07_23_10_23_569.jpg,/home/ilya/indeed/CarND-Behavioral-Cloning-P3/9_edge_avoidance_track_2/IMG/left_2017_11_07_23_10_23_569.jpg,/home/ilya/indeed/CarND-Behavioral-Cloning-P3/9_edge_avoidance_track_2/IMG/right_2017_11_07_23_10_23_569.jpg,0.286385,1,0,7.555278
/home/ilya/indeed/CarND-Behavioral-Cloning-P3/9_edge_avoidance_track_2/IMG/center_2017_11_07_23_10_23_638.jpg,/home/ilya/indeed/CarND-Behavioral-Cloning-P3/9_edge_avoidance_track_2/IMG/left_2017_11_07_23_10_23_638.jpg,/home/ilya/indeed/CarND-Behavioral-Cloning-P3/9_edge_avoidance_track_2/IMG/right_2017_11_07_23_10_23_638.jpg,0.3239437,1,0,7.965304
/home/ilya/indeed/CarND-Behavioral-Cloning-P3/9_edge_avoidance_track_2/IMG/center_2017_11_07_23_10_23_709.jpg,/home/ilya/indeed/CarND-Behavioral-Cloning-P3/9_edge_avoidance_track_2/IMG/left_2017_11_07_23_10_23_709.jpg,/home/ilya/indeed/CarND-Behavioral-Cloning-P3/9_edge_avoidance_track_2/IMG/right_2017_11_07_23_10_23_709.jpg,0.3943662,1,0,8.490497
/home/ilya/indeed/CarND-Behavioral-Cloning-P3/9_edge_avoidance_track_2/IMG/center_2017_11_07_23_10_23_780.jpg,/home/ilya/indeed/CarND-Behavioral-Cloning-P3/9_edge_avoidance_track_2/IMG/left_2017_11_07_23_10_23_780.jpg,/home/ilya/indeed/CarND-Behavioral-Cloning-P3/9_edge_avoidance_track_2/IMG/right_2017_11_07_23_10_23_780.jpg,0.4131455,1,0,8.871892
/home/ilya/indeed/CarND-Behavioral-Cloning-P3/9_edge_avoidance_track_2/IMG/center_2017_11_07_23_10_23_848.jpg,/home/ilya/indeed/CarND-Behavioral-Cloning-P3/9_edge_avoidance_track_2/IMG/left_2017_11_07_23_10_23_848.jpg,/home/ilya/indeed/CarND-Behavioral-Cloning-P3/9_edge_avoidance_track_2/IMG/right_2017_11_07_23_10_23_848.jpg,0.4507042,1,0,9.336606
/home/ilya/indeed/CarND-Behavioral-Cloning-P3/9_edge_avoidance_track_2/IMG/center_2017_11_07_23_10_23_919.jpg,/home/ilya/indeed/CarND-Behavioral-Cloning-P3/9_edge_avoidance_track_2/IMG/left_2017_11_07_23_10_23_919.jpg,/home/ilya/indeed/CarND-Behavioral-Cloning-P3/9_edge_avoidance_track_2/IMG/right_2017_11_07_23_10_23_919.jpg,0.4507042,1,0,9.676089
/home/ilya/indeed/CarND-Behavioral-Cloning-P3/9_edge_avoidance_track_2/IMG/center_2017_11_07_23_10_23_986.jpg,/home/ilya/indeed/CarND-Behavioral-Cloning-P3/9_edge_avoidance_track_2/IMG/left_2017_11_07_23_10_23_986.jpg,/home/ilya/indeed/CarND-Behavioral-Cloning-P3/9_edge_avoidance_track_2/IMG/right_2017_11_07_23_10_23_986.jpg,0.4507042,1,0,10.11832
/home/ilya/indeed/CarND-Behavioral-Cloning-P3/9_edge_avoidance_track_2/IMG/center_2017_11_07_23_10_24_055.jpg,/home/ilya/indeed/CarND-Behavioral-Cloning-P3/9_edge_avoidance_track_2/IMG/left_2017_11_07_23_10_24_055.jpg,/home/ilya/indeed/CarND-Behavioral-Cloning-P3/9_edge_avoidance_track_2/IMG/right_2017_11_07_23_10_24_055.jpg,0.4507042,1,0,10.43683
/home/ilya/indeed/CarND-Behavioral-Cloning-P3/9_edge_avoidance_track_2/IMG/center_2017_11_07_23_10_24_123.jpg,/home/ilya/indeed/CarND-Behavioral-Cloning-P3/9_edge_avoidance_track_2/IMG/left_2017_11_07_23_10_24_123.jpg,/home/ilya/indeed/CarND-Behavioral-Cloning-P3/9_edge_avoidance_track_2/IMG/right_2017_11_07_23_10_24_123.jpg,0.4507042,1,0,10.74276
/home/ilya/indeed/CarND-Behavioral-Cloning-P3/9_edge_avoidance_track_2/IMG/center_2017_11_07_23_10_24_193.jpg,/home/ilya/indeed/CarND-Behavioral-Cloning-P3/9_edge_avoidance_track_2/IMG/left_2017_11_07_23_10_24_193.jpg,/home/ilya/indeed/CarND-Behavioral-Cloning-P3/9_edge_avoidance_track_2/IMG/right_2017_11_07_23_10_24_193.jpg,0.4507042,1,0,11.14418
/home/ilya/indeed/CarND-Behavioral-Cloning-P3/9_edge_avoidance_track_2/IMG/center_2017_11_07_23_10_24_264.jpg,/home/ilya/indeed/CarND-Behavioral-Cloning-P3/9_edge_avoidance_track_2/IMG/left_2017_11_07_23_10_24_264.jpg,/home/ilya/indeed/CarND-Behavioral-Cloning-P3/9_edge_avoidance_track_2/IMG/right_2017_11_07_23_10_24_264.jpg,0.4507042,1,0,11.37951
/home/ilya/indeed/CarND-Behavioral-Cloning-P3/9_edge_avoidance_track_2/IMG/center_2017_11_07_23_10_24_331.jpg,/home/ilya/indeed/CarND-Behavioral-Cloning-P3/9_edge_avoidance_track_2/IMG/left_2017_11_07_23_10_24_331.jpg,/home/ilya/indeed/CarND-Behavioral-Cloning-P3/9_edge_avoidance_track_2/IMG/right_2017_11_07_23_10_24_331.jpg,0.4507042,1,0,11.89286
/home/ilya/indeed/CarND-Behavioral-Cloning-P3/9_edge_avoidance_track_2/IMG/center_2017_11_07_23_10_24_406.jpg,/home/ilya/indeed/CarND-Behavioral-Cloning-P3/9_edge_avoidance_track_2/IMG/left_2017_11_07_23_10_24_406.jpg,/home/ilya/indeed/CarND-Behavioral-Cloning-P3/9_edge_avoidance_track_2/IMG/right_2017_11_07_23_10_24_406.jpg,0.4507042,1,0,12.31265
/home/ilya/indeed/CarND-Behavioral-Cloning-P3/9_edge_avoidance_track_2/IMG/center_2017_11_07_23_10_24_477.jpg,/home/ilya/indeed/CarND-Behavioral-Cloning-P3/9_edge_avoidance_track_2/IMG/left_2017_11_07_23_10_24_477.jpg,/home/ilya/indeed/CarND-Behavioral-Cloning-P3/9_edge_avoidance_track_2/IMG/right_2017_11_07_23_10_24_477.jpg,0.4507042,1,0,12.47519
/home/ilya/indeed/CarND-Behavioral-Cloning-P3/9_edge_avoidance_track_2/IMG/center_2017_11_07_23_10_24_547.jpg,/home/ilya/indeed/CarND-Behavioral-Cloning-P3/9_edge_avoidance_track_2/IMG/left_2017_11_07_23_10_24_547.jpg,/home/ilya/indeed/CarND-Behavioral-Cloning-P3/9_edge_avoidance_track_2/IMG/right_2017_11_07_23_10_24_547.jpg,0.4507042,1,0,12.93537
/home/ilya/indeed/CarND-Behavioral-Cloning-P3/9_edge_avoidance_track_2/IMG/center_2017_11_07_23_10_24_617.jpg,/home/ilya/indeed/CarND-Behavioral-Cloning-P3/9_edge_avoidance_track_2/IMG/left_2017_11_07_23_10_24_617.jpg,/home/ilya/indeed/CarND-Behavioral-Cloning-P3/9_edge_avoidance_track_2/IMG/right_2017_11_07_23_10_24_617.jpg,0.4507042,1,0,12.99718
/home/ilya/indeed/CarND-Behavioral-Cloning-P3/9_edge_avoidance_track_2/IMG/center_2017_11_07_23_10_24_690.jpg,/home/ilya/indeed/CarND-Behavioral-Cloning-P3/9_edge_avoidance_track_2/IMG/left_2017_11_07_23_10_24_690.jpg,/home/ilya/indeed/CarND-Behavioral-Cloning-P3/9_edge_avoidance_track_2/IMG/right_2017_11_07_23_10_24_690.jpg,0.4507042,0.9846549,0,13.45997
/home/ilya/indeed/CarND-Behavioral-Cloning-P3/9_edge_avoidance_track_2/IMG/center_2017_11_07_23_10_24_754.jpg,/home/ilya/indeed/CarND-Behavioral-Cloning-P3/9_edge_avoidance_track_2/IMG/left_2017_11_07_23_10_24_754.jpg,/home/ilya/indeed/CarND-Behavioral-Cloning-P3/9_edge_avoidance_track_2/IMG/right_2017_11_07_23_10_24_754.jpg,0,0.814198,0,13.68619
/home/ilya/indeed/CarND-Behavioral-Cloning-P3/9_edge_avoidance_track_2/IMG/center_2017_11_07_23_10_24_826.jpg,/home/ilya/indeed/CarND-Behavioral-Cloning-P3/9_edge_avoidance_track_2/IMG/left_2017_11_07_23_10_24_826.jpg,/home/ilya/indeed/CarND-Behavioral-Cloning-P3/9_edge_avoidance_track_2/IMG/right_2017_11_07_23_10_24_826.jpg,0,0.5726497,0,13.70235
/home/ilya/indeed/CarND-Behavioral-Cloning-P3/9_edge_avoidance_track_2/IMG/center_2017_11_07_23_10_24_893.jpg,/home/ilya/indeed/CarND-Behavioral-Cloning-P3/9_edge_avoidance_track_2/IMG/left_2017_11_07_23_10_24_893.jpg,/home/ilya/indeed/CarND-Behavioral-Cloning-P3/9_edge_avoidance_track_2/IMG/right_2017_11_07_23_10_24_893.jpg,0,0.3842077,0,13.41188
/home/ilya/indeed/CarND-Behavioral-Cloning-P3/9_edge_avoidance_track_2/IMG/center_2017_11_07_23_10_24_962.jpg,/home/ilya/indeed/CarND-Behavioral-Cloning-P3/9_edge_avoidance_track_2/IMG/left_2017_11_07_23_10_24_962.jpg,/home/ilya/indeed/CarND-Behavioral-Cloning-P3/9_edge_avoidance_track_2/IMG/right_2017_11_07_23_10_24_962.jpg,0,0.2098749,0,13.2056
/home/ilya/indeed/CarND-Behavioral-Cloning-P3/9_edge_avoidance_track_2/IMG/center_2017_11_07_23_10_25_029.jpg,/home/ilya/indeed/CarND-Behavioral-Cloning-P3/9_edge_avoidance_track_2/IMG/left_2017_11_07_23_10_25_029.jpg,/home/ilya/indeed/CarND-Behavioral-Cloning-P3/9_edge_avoidance_track_2/IMG/right_2017_11_07_23_10_25_029.jpg,0,0,0,12.66981
/home/ilya/indeed/CarND-Behavioral-Cloning-P3/9_edge_avoidance_track_2/IMG/center_2017_11_07_23_10_25_097.jpg,/home/ilya/indeed/CarND-Behavioral-Cloning-P3/9_edge_avoidance_track_2/IMG/left_2017_11_07_23_10_25_097.jpg,/home/ilya/indeed/CarND-Behavioral-Cloning-P3/9_edge_avoidance_track_2/IMG/right_2017_11_07_23_10_25_097.jpg,0,0,0,12.30052
/home/ilya/indeed/CarND-Behavioral-Cloning-P3/9_edge_avoidance_track_2/IMG/center_2017_11_07_23_10_25_166.jpg,/home/ilya/indeed/CarND-Behavioral-Cloning-P3/9_edge_avoidance_track_2/IMG/left_2017_11_07_23_10_25_166.jpg,/home/ilya/indeed/CarND-Behavioral-Cloning-P3/9_edge_avoidance_track_2/IMG/right_2017_11_07_23_10_25_166.jpg,0,0,0,11.82321
/home/ilya/indeed/CarND-Behavioral-Cloning-P3/9_edge_avoidance_track_2/IMG/center_2017_11_07_23_10_25_234.jpg,/home/ilya/indeed/CarND-Behavioral-Cloning-P3/9_edge_avoidance_track_2/IMG/left_2017_11_07_23_10_25_234.jpg,/home/ilya/indeed/CarND-Behavioral-Cloning-P3/9_edge_avoidance_track_2/IMG/right_2017_11_07_23_10_25_234.jpg,0,0,0,11.41659
/home/ilya/indeed/CarND-Behavioral-Cloning-P3/9_edge_avoidance_track_2/IMG/center_2017_11_07_23_10_25_301.jpg,/home/ilya/indeed/CarND-Behavioral-Cloning-P3/9_edge_avoidance_track_2/IMG/left_2017_11_07_23_10_25_301.jpg,/home/ilya/indeed/CarND-Behavioral-Cloning-P3/9_edge_avoidance_track_2/IMG/right_2017_11_07_23_10_25_301.jpg,0,0,0,11.0791
/home/ilya/indeed/CarND-Behavioral-Cloning-P3/9_edge_avoidance_track_2/IMG/center_2017_11_07_23_10_25_372.jpg,/home/ilya/indeed/CarND-Behavioral-Cloning-P3/9_edge_avoidance_track_2/IMG/left_2017_11_07_23_10_25_372.jpg,/home/ilya/indeed/CarND-Behavioral-Cloning-P3/9_edge_avoidance_track_2/IMG/right_2017_11_07_23_10_25_372.jpg,0,0,0,10.53596
/home/ilya/indeed/CarND-Behavioral-Cloning-P3/9_edge_avoidance_track_2/IMG/center_2017_11_07_23_10_25_439.jpg,/home/ilya/indeed/CarND-Behavioral-Cloning-P3/9_edge_avoidance_track_2/IMG/left_2017_11_07_23_10_25_439.jpg,/home/ilya/indeed/CarND-Behavioral-Cloning-P3/9_edge_avoidance_track_2/IMG/right_2017_11_07_23_10_25_439.jpg,0,0,0,10.15818
/home/ilya/indeed/CarND-Behavioral-Cloning-P3/9_edge_avoidance_track_2/IMG/center_2017_11_07_23_10_25_536.jpg,/home/ilya/indeed/CarND-Behavioral-Cloning-P3/9_edge_avoidance_track_2/IMG/left_2017_11_07_23_10_25_536.jpg,/home/ilya/indeed/CarND-Behavioral-Cloning-P3/9_edge_avoidance_track_2/IMG/right_2017_11_07_23_10_25_536.jpg,0,0,0,9.109858
/home/ilya/indeed/CarND-Behavioral-Cloning-P3/9_edge_avoidance_track_2/IMG/center_2017_11_07_23_10_40_322.jpg,/home/ilya/indeed/CarND-Behavioral-Cloning-P3/9_edge_avoidance_track_2/IMG/left_2017_11_07_23_10_40_322.jpg,/home/ilya/indeed/CarND-Behavioral-Cloning-P3/9_edge_avoidance_track_2/IMG/right_2017_11_07_23_10_40_322.jpg,0,0.04062104,0,10.71794
/home/ilya/indeed/CarND-Behavioral-Cloning-P3/9_edge_avoidance_track_2/IMG/center_2017_11_07_23_10_40_393.jpg,/home/ilya/indeed/CarND-Behavioral-Cloning-P3/9_edge_avoidance_track_2/IMG/left_2017_11_07_23_10_40_393.jpg,/home/ilya/indeed/CarND-Behavioral-Cloning-P3/9_edge_avoidance_track_2/IMG/right_2017_11_07_23_10_40_393.jpg,0,0,0,10.49954
/home/ilya/indeed/CarND-Behavioral-Cloning-P3/9_edge_avoidance_track_2/IMG/center_2017_11_07_23_10_40_464.jpg,/home/ilya/indeed/CarND-Behavioral-Cloning-P3/9_edge_avoidance_track_2/IMG/left_2017_11_07_23_10_40_464.jpg,/home/ilya/indeed/CarND-Behavioral-Cloning-P3/9_edge_avoidance_track_2/IMG/right_2017_11_07_23_10_40_464.jpg,0,0.08783984,0,10.27153
/home/ilya/indeed/CarND-Behavioral-Cloning-P3/9_edge_avoidance_track_2/IMG/center_2017_11_07_23_10_40_531.jpg,/home/ilya/indeed/CarND-Behavioral-Cloning-P3/9_edge_avoidance_track_2/IMG/left_2017_11_07_23_10_40_531.jpg,/home/ilya/indeed/CarND-Behavioral-Cloning-P3/9_edge_avoidance_track_2/IMG/right_2017_11_07_23_10_40_531.jpg,0,0.2754178,0,10.16212
/home/ilya/indeed/CarND-Behavioral-Cloning-P3/9_edge_avoidance_track_2/IMG/center_2017_11_07_23_10_40_599.jpg,/home/ilya/indeed/CarND-Behavioral-Cloning-P3/9_edge_avoidance_track_2/IMG/left_2017_11_07_23_10_40_599.jpg,/home/ilya/indeed/CarND-Behavioral-Cloning-P3/9_edge_avoidance_track_2/IMG/right_2017_11_07_23_10_40_599.jpg,0,0.4549048,0,10.14424
/home/ilya/indeed/CarND-Behavioral-Cloning-P3/9_edge_avoidance_track_2/IMG/center_2017_11_07_23_10_40_668.jpg,/home/ilya/indeed/CarND-Behavioral-Cloning-P3/9_edge_avoidance_track_2/IMG/left_2017_11_07_23_10_40_668.jpg,/home/ilya/indeed/CarND-Behavioral-Cloning-P3/9_edge_avoidance_track_2/IMG/right_2017_11_07_23_10_40_668.jpg,0,0.6877291,0,10.29175
/home/ilya/indeed/CarND-Behavioral-Cloning-P3/9_edge_avoidance_track_2/IMG/center_2017_11_07_23_10_40_737.jpg,/home/ilya/indeed/CarND-Behavioral-Cloning-P3/9_edge_avoidance_track_2/IMG/left_2017_11_07_23_10_40_737.jpg,/home/ilya/indeed/CarND-Behavioral-Cloning-P3/9_edge_avoidance_track_2/IMG/right_2017_11_07_23_10_40_737.jpg,0.05164319,0.8656347,0,10.5677
/home/ilya/indeed/CarND-Behavioral-Cloning-P3/9_edge_avoidance_track_2/IMG/center_2017_11_07_23_10_40_804.jpg,/home/ilya/indeed/CarND-Behavioral-Cloning-P3/9_edge_avoidance_track_2/IMG/left_2017_11_07_23_10_40_804.jpg,/home/ilya/indeed/CarND-Behavioral-Cloning-P3/9_edge_avoidance_track_2/IMG/right_2017_11_07_23_10_40_804.jpg,0.0657277,1,0,11.06133
/home/ilya/indeed/CarND-Behavioral-Cloning-P3/9_edge_avoidance_track_2/IMG/center_2017_11_07_23_10_40_874.jpg,/home/ilya/indeed/CarND-Behavioral-Cloning-P3/9_edge_avoidance_track_2/IMG/left_2017_11_07_23_10_40_874.jpg,/home/ilya/indeed/CarND-Behavioral-Cloning-P3/9_edge_avoidance_track_2/IMG/right_2017_11_07_23_10_40_874.jpg,0.07981221,1,0,11.50206
/home/ilya/indeed/CarND-Behavioral-Cloning-P3/9_edge_avoidance_track_2/IMG/center_2017_11_07_23_10_40_946.jpg,/home/ilya/indeed/CarND-Behavioral-Cloning-P3/9_edge_avoidance_track_2/IMG/left_2017_11_07_23_10_40_946.jpg,/home/ilya/indeed/CarND-Behavioral-Cloning-P3/9_edge_avoidance_track_2/IMG/right_2017_11_07_23_10_40_946.jpg,0.1173709,1,0,11.62875
/home/ilya/indeed/CarND-Behavioral-Cloning-P3/9_edge_avoidance_track_2/IMG/center_2017_11_07_23_10_41_012.jpg,/home/ilya/indeed/CarND-Behavioral-Cloning-P3/9_edge_avoidance_track_2/IMG/left_2017_11_07_23_10_41_012.jpg,/home/ilya/indeed/CarND-Behavioral-Cloning-P3/9_edge_avoidance_track_2/IMG/right_2017_11_07_23_10_41_012.jpg,0.1173709,1,0,12.03716
/home/ilya/indeed/CarND-Behavioral-Cloning-P3/9_edge_avoidance_track_2/IMG/center_2017_11_07_23_10_41_085.jpg,/home/ilya/indeed/CarND-Behavioral-Cloning-P3/9_edge_avoidance_track_2/IMG/left_2017_11_07_23_10_41_085.jpg,/home/ilya/indeed/CarND-Behavioral-Cloning-P3/9_edge_avoidance_track_2/IMG/right_2017_11_07_23_10_41_085.jpg,0.1502347,1,0,12.41955
/home/ilya/indeed/CarND-Behavioral-Cloning-P3/9_edge_avoidance_track_2/IMG/center_2017_11_07_23_10_41_152.jpg,/home/ilya/indeed/CarND-Behavioral-Cloning-P3/9_edge_avoidance_track_2/IMG/left_2017_11_07_23_10_41_152.jpg,/home/ilya/indeed/CarND-Behavioral-Cloning-P3/9_edge_avoidance_track_2/IMG/right_2017_11_07_23_10_41_152.jpg,0.1502347,1,0,12.77416
/home/ilya/indeed/CarND-Behavioral-Cloning-P3/9_edge_avoidance_track_2/IMG/center_2017_11_07_23_10_41_225.jpg,/home/ilya/indeed/CarND-Behavioral-Cloning-P3/9_edge_avoidance_track_2/IMG/left_2017_11_07_23_10_41_225.jpg,/home/ilya/indeed/CarND-Behavioral-Cloning-P3/9_edge_avoidance_track_2/IMG/right_2017_11_07_23_10_41_225.jpg,0.2018779,1,0,13.28062
/home/ilya/indeed/CarND-Behavioral-Cloning-P3/9_edge_avoidance_track_2/IMG/center_2017_11_07_23_10_41_295.jpg,/home/ilya/indeed/CarND-Behavioral-Cloning-P3/9_edge_avoidance_track_2/IMG/left_2017_11_07_23_10_41_295.jpg,/home/ilya/indeed/CarND-Behavioral-Cloning-P3/9_edge_avoidance_track_2/IMG/right_2017_11_07_23_10_41_295.jpg,0.2159625,1,0,13.40641
/home/ilya/indeed/CarND-Behavioral-Cloning-P3/9_edge_avoidance_track_2/IMG/center_2017_11_07_23_10_41_363.jpg,/home/ilya/indeed/CarND-Behavioral-Cloning-P3/9_edge_avoidance_track_2/IMG/left_2017_11_07_23_10_41_363.jpg,/home/ilya/indeed/CarND-Behavioral-Cloning-P3/9_edge_avoidance_track_2/IMG/right_2017_11_07_23_10_41_363.jpg,0.2159625,1,0,13.65463
/home/ilya/indeed/CarND-Behavioral-Cloning-P3/9_edge_avoidance_track_2/IMG/center_2017_11_07_23_10_41_434.jpg,/home/ilya/indeed/CarND-Behavioral-Cloning-P3/9_edge_avoidance_track_2/IMG/left_2017_11_07_23_10_41_434.jpg,/home/ilya/indeed/CarND-Behavioral-Cloning-P3/9_edge_avoidance_track_2/IMG/right_2017_11_07_23_10_41_434.jpg,0.2206573,1,0,13.90803
/home/ilya/indeed/CarND-Behavioral-Cloning-P3/9_edge_avoidance_track_2/IMG/center_2017_11_07_23_10_41_505.jpg,/home/ilya/indeed/CarND-Behavioral-Cloning-P3/9_edge_avoidance_track_2/IMG/left_2017_11_07_23_10_41_505.jpg,/home/ilya/indeed/CarND-Behavioral-Cloning-P3/9_edge_avoidance_track_2/IMG/right_2017_11_07_23_10_41_505.jpg,0.2206573,1,0,14.07956
/home/ilya/indeed/CarND-Behavioral-Cloning-P3/9_edge_avoidance_track_2/IMG/center_2017_11_07_23_10_41_573.jpg,/home/ilya/indeed/CarND-Behavioral-Cloning-P3/9_edge_avoidance_track_2/IMG/left_2017_11_07_23_10_41_573.jpg,/home/ilya/indeed/CarND-Behavioral-Cloning-P3/9_edge_avoidance_track_2/IMG/right_2017_11_07_23_10_41_573.jpg,0.2206573,1,0,14.14882
/home/ilya/indeed/CarND-Behavioral-Cloning-P3/9_edge_avoidance_track_2/IMG/center_2017_11_07_23_10_41_644.jpg,/home/ilya/indeed/CarND-Behavioral-Cloning-P3/9_edge_avoidance_track_2/IMG/left_2017_11_07_23_10_41_644.jpg,/home/ilya/indeed/CarND-Behavioral-Cloning-P3/9_edge_avoidance_track_2/IMG/right_2017_11_07_23_10_41_644.jpg,0.2206573,1,0,14.41727
/home/ilya/indeed/CarND-Behavioral-Cloning-P3/9_edge_avoidance_track_2/IMG/center_2017_11_07_23_10_41_715.jpg,/home/ilya/indeed/CarND-Behavioral-Cloning-P3/9_edge_avoidance_track_2/IMG/left_2017_11_07_23_10_41_715.jpg,/home/ilya/indeed/CarND-Behavioral-Cloning-P3/9_edge_avoidance_track_2/IMG/right_2017_11_07_23_10_41_715.jpg,0.2206573,1,0,14.25757
/home/ilya/indeed/CarND-Behavioral-Cloning-P3/9_edge_avoidance_track_2/IMG/center_2017_11_07_23_10_41_788.jpg,/home/ilya/indeed/CarND-Behavioral-Cloning-P3/9_edge_avoidance_track_2/IMG/left_2017_11_07_23_10_41_788.jpg,/home/ilya/indeed/CarND-Behavioral-Cloning-P3/9_edge_avoidance_track_2/IMG/right_2017_11_07_23_10_41_788.jpg,0.2206573,1,0,14.53753
/home/ilya/indeed/CarND-Behavioral-Cloning-P3/9_edge_avoidance_track_2/IMG/center_2017_11_07_23_10_41_858.jpg,/home/ilya/indeed/CarND-Behavioral-Cloning-P3/9_edge_avoidance_track_2/IMG/left_2017_11_07_23_10_41_858.jpg,/home/ilya/indeed/CarND-Behavioral-Cloning-P3/9_edge_avoidance_track_2/IMG/right_2017_11_07_23_10_41_858.jpg,0.2206573,1,0,14.95802
/home/ilya/indeed/CarND-Behavioral-Cloning-P3/9_edge_avoidance_track_2/IMG/center_2017_11_07_23_10_41_930.jpg,/home/ilya/indeed/CarND-Behavioral-Cloning-P3/9_edge_avoidance_track_2/IMG/left_2017_11_07_23_10_41_930.jpg,/home/ilya/indeed/CarND-Behavioral-Cloning-P3/9_edge_avoidance_track_2/IMG/right_2017_11_07_23_10_41_930.jpg,0.2206573,1,0,15.46695
/home/ilya/indeed/CarND-Behavioral-Cloning-P3/9_edge_avoidance_track_2/IMG/center_2017_11_07_23_10_41_997.jpg,/home/ilya/indeed/CarND-Behavioral-Cloning-P3/9_edge_avoidance_track_2/IMG/left_2017_11_07_23_10_41_997.jpg,/home/ilya/indeed/CarND-Behavioral-Cloning-P3/9_edge_avoidance_track_2/IMG/right_2017_11_07_23_10_41_997.jpg,0.2206573,0.9661126,0,15.46795
/home/ilya/indeed/CarND-Behavioral-Cloning-P3/9_edge_avoidance_track_2/IMG/center_2017_11_07_23_10_42_072.jpg,/home/ilya/indeed/CarND-Behavioral-Cloning-P3/9_edge_avoidance_track_2/IMG/left_2017_11_07_23_10_42_072.jpg,/home/ilya/indeed/CarND-Behavioral-Cloning-P3/9_edge_avoidance_track_2/IMG/right_2017_11_07_23_10_42_072.jpg,0,0.7048275,0,15.0733
/home/ilya/indeed/CarND-Behavioral-Cloning-P3/9_edge_avoidance_track_2/IMG/center_2017_11_07_23_10_42_139.jpg,/home/ilya/indeed/CarND-Behavioral-Cloning-P3/9_edge_avoidance_track_2/IMG/left_2017_11_07_23_10_42_139.jpg,/home/ilya/indeed/CarND-Behavioral-Cloning-P3/9_edge_avoidance_track_2/IMG/right_2017_11_07_23_10_42_139.jpg,0,0.5373161,0,15.2901
/home/ilya/indeed/CarND-Behavioral-Cloning-P3/9_edge_avoidance_track_2/IMG/center_2017_11_07_23_10_42_209.jpg,/home/ilya/indeed/CarND-Behavioral-Cloning-P3/9_edge_avoidance_track_2/IMG/left_2017_11_07_23_10_42_209.jpg,/home/ilya/indeed/CarND-Behavioral-Cloning-P3/9_edge_avoidance_track_2/IMG/right_2017_11_07_23_10_42_209.jpg,0,0.3089056,0,16.27584
/home/ilya/indeed/CarND-Behavioral-Cloning-P3/9_edge_avoidance_track_2/IMG/center_2017_11_07_23_10_42_276.jpg,/home/ilya/indeed/CarND-Behavioral-Cloning-P3/9_edge_avoidance_track_2/IMG/left_2017_11_07_23_10_42_276.jpg,/home/ilya/indeed/CarND-Behavioral-Cloning-P3/9_edge_avoidance_track_2/IMG/right_2017_11_07_23_10_42_276.jpg,0,0.1250176,0,16.16849
/home/ilya/indeed/CarND-Behavioral-Cloning-P3/9_edge_avoidance_track_2/IMG/center_2017_11_07_23_10_42_377.jpg,/home/ilya/indeed/CarND-Behavioral-Cloning-P3/9_edge_avoidance_track_2/IMG/left_2017_11_07_23_10_42_377.jpg,/home/ilya/indeed/CarND-Behavioral-Cloning-P3/9_edge_avoidance_track_2/IMG/right_2017_11_07_23_10_42_377.jpg,0,0,0,15.99906
/home/ilya/indeed/CarND-Behavioral-Cloning-P3/9_edge_avoidance_track_2/IMG/center_2017_11_07_23_10_52_940.jpg,/home/ilya/indeed/CarND-Behavioral-Cloning-P3/9_edge_avoidance_track_2/IMG/left_2017_11_07_23_10_52_940.jpg,/home/ilya/indeed/CarND-Behavioral-Cloning-P3/9_edge_avoidance_track_2/IMG/right_2017_11_07_23_10_52_940.jpg,-0.02907681,0,0,2.989594
/home/ilya/indeed/CarND-Behavioral-Cloning-P3/9_edge_avoidance_track_2/IMG/center_2017_11_07_23_10_53_008.jpg,/home/ilya/indeed/CarND-Behavioral-Cloning-P3/9_edge_avoidance_track_2/IMG/left_2017_11_07_23_10_53_008.jpg,/home/ilya/indeed/CarND-Behavioral-Cloning-P3/9_edge_avoidance_track_2/IMG/right_2017_11_07_23_10_53_008.jpg,0,0.01019955,0,2.81942
/home/ilya/indeed/CarND-Behavioral-Cloning-P3/9_edge_avoidance_track_2/IMG/center_2017_11_07_23_10_53_078.jpg,/home/ilya/indeed/CarND-Behavioral-Cloning-P3/9_edge_avoidance_track_2/IMG/left_2017_11_07_23_10_53_078.jpg,/home/ilya/indeed/CarND-Behavioral-Cloning-P3/9_edge_avoidance_track_2/IMG/right_2017_11_07_23_10_53_078.jpg,0,0.1927679,0,2.765239
/home/ilya/indeed/CarND-Behavioral-Cloning-P3/9_edge_avoidance_track_2/IMG/center_2017_11_07_23_10_53_145.jpg,/home/ilya/indeed/CarND-Behavioral-Cloning-P3/9_edge_avoidance_track_2/IMG/left_2017_11_07_23_10_53_145.jpg,/home/ilya/indeed/CarND-Behavioral-Cloning-P3/9_edge_avoidance_track_2/IMG/right_2017_11_07_23_10_53_145.jpg,0,0.4322491,0,2.900957
/home/ilya/indeed/CarND-Behavioral-Cloning-P3/9_edge_avoidance_track_2/IMG/center_2017_11_07_23_10_53_216.jpg,/home/ilya/indeed/CarND-Behavioral-Cloning-P3/9_edge_avoidance_track_2/IMG/left_2017_11_07_23_10_53_216.jpg,/home/ilya/indeed/CarND-Behavioral-Cloning-P3/9_edge_avoidance_track_2/IMG/right_2017_11_07_23_10_53_216.jpg,0,0.6060719,0,3.171851
/home/ilya/indeed/CarND-Behavioral-Cloning-P3/9_edge_avoidance_track_2/IMG/center_2017_11_07_23_10_53_286.jpg,/home/ilya/indeed/CarND-Behavioral-Cloning-P3/9_edge_avoidance_track_2/IMG/left_2017_11_07_23_10_53_286.jpg,/home/ilya/indeed/CarND-Behavioral-Cloning-P3/9_edge_avoidance_track_2/IMG/right_2017_11_07_23_10_53_286.jpg,0.1173709,0.8539345,0,3.723331
/home/ilya/indeed/CarND-Behavioral-Cloning-P3/9_edge_avoidance_track_2/IMG/center_2017_11_07_23_10_53_356.jpg,/home/ilya/indeed/CarND-Behavioral-Cloning-P3/9_edge_avoidance_track_2/IMG/left_2017_11_07_23_10_53_356.jpg,/home/ilya/indeed/CarND-Behavioral-Cloning-P3/9_edge_avoidance_track_2/IMG/right_2017_11_07_23_10_53_356.jpg,0.1267606,1,0,4.255957
/home/ilya/indeed/CarND-Behavioral-Cloning-P3/9_edge_avoidance_track_2/IMG/center_2017_11_07_23_10_53_424.jpg,/home/ilya/indeed/CarND-Behavioral-Cloning-P3/9_edge_avoidance_track_2/IMG/left_2017_11_07_23_10_53_424.jpg,/home/ilya/indeed/CarND-Behavioral-Cloning-P3/9_edge_avoidance_track_2/IMG/right_2017_11_07_23_10_53_424.jpg,0.1737089,1,0,4.995588
/home/ilya/indeed/CarND-Behavioral-Cloning-P3/9_edge_avoidance_track_2/IMG/center_2017_11_07_23_10_53_491.jpg,/home/ilya/indeed/CarND-Behavioral-Cloning-P3/9_edge_avoidance_track_2/IMG/left_2017_11_07_23_10_53_491.jpg,/home/ilya/indeed/CarND-Behavioral-Cloning-P3/9_edge_avoidance_track_2/IMG/right_2017_11_07_23_10_53_491.jpg,0.2018779,1,0,5.544006
/home/ilya/indeed/CarND-Behavioral-Cloning-P3/9_edge_avoidance_track_2/IMG/center_2017_11_07_23_10_53_559.jpg,/home/ilya/indeed/CarND-Behavioral-Cloning-P3/9_edge_avoidance_track_2/IMG/left_2017_11_07_23_10_53_559.jpg,/home/ilya/indeed/CarND-Behavioral-Cloning-P3/9_edge_avoidance_track_2/IMG/right_2017_11_07_23_10_53_559.jpg,0.2065728,1,0,6.090858
/home/ilya/indeed/CarND-Behavioral-Cloning-P3/9_edge_avoidance_track_2/IMG/center_2017_11_07_23_10_53_627.jpg,/home/ilya/indeed/CarND-Behavioral-Cloning-P3/9_edge_avoidance_track_2/IMG/left_2017_11_07_23_10_53_627.jpg,/home/ilya/indeed/CarND-Behavioral-Cloning-P3/9_edge_avoidance_track_2/IMG/right_2017_11_07_23_10_53_627.jpg,0.3098592,1,0,6.805296
/home/ilya/indeed/CarND-Behavioral-Cloning-P3/9_edge_avoidance_track_2/IMG/center_2017_11_07_23_10_53_696.jpg,/home/ilya/indeed/CarND-Behavioral-Cloning-P3/9_edge_avoidance_track_2/IMG/left_2017_11_07_23_10_53_696.jpg,/home/ilya/indeed/CarND-Behavioral-Cloning-P3/9_edge_avoidance_track_2/IMG/right_2017_11_07_23_10_53_696.jpg,0.342723,1,0,7.333761
/home/ilya/indeed/CarND-Behavioral-Cloning-P3/9_edge_avoidance_track_2/IMG/center_2017_11_07_23_10_53_767.jpg,/home/ilya/indeed/CarND-Behavioral-Cloning-P3/9_edge_avoidance_track_2/IMG/left_2017_11_07_23_10_53_767.jpg,/home/ilya/indeed/CarND-Behavioral-Cloning-P3/9_edge_avoidance_track_2/IMG/right_2017_11_07_23_10_53_767.jpg,0.399061,1,0,8.032811
/home/ilya/indeed/CarND-Behavioral-Cloning-P3/9_edge_avoidance_track_2/IMG/center_2017_11_07_23_10_53_837.jpg,/home/ilya/indeed/CarND-Behavioral-Cloning-P3/9_edge_avoidance_track_2/IMG/left_2017_11_07_23_10_53_837.jpg,/home/ilya/indeed/CarND-Behavioral-Cloning-P3/9_edge_avoidance_track_2/IMG/right_2017_11_07_23_10_53_837.jpg,0.4084507,1,0,8.575555
/home/ilya/indeed/CarND-Behavioral-Cloning-P3/9_edge_avoidance_track_2/IMG/center_2017_11_07_23_10_53_905.jpg,/home/ilya/indeed/CarND-Behavioral-Cloning-P3/9_edge_avoidance_track_2/IMG/left_2017_11_07_23_10_53_905.jpg,/home/ilya/indeed/CarND-Behavioral-Cloning-P3/9_edge_avoidance_track_2/IMG/right_2017_11_07_23_10_53_905.jpg,0.4084507,1,0,9.110768
/home/ilya/indeed/CarND-Behavioral-Cloning-P3/9_edge_avoidance_track_2/IMG/center_2017_11_07_23_10_53_973.jpg,/home/ilya/indeed/CarND-Behavioral-Cloning-P3/9_edge_avoidance_track_2/IMG/left_2017_11_07_23_10_53_973.jpg,/home/ilya/indeed/CarND-Behavioral-Cloning-P3/9_edge_avoidance_track_2/IMG/right_2017_11_07_23_10_53_973.jpg,0.4084507,1,0,9.436881
/home/ilya/indeed/CarND-Behavioral-Cloning-P3/9_edge_avoidance_track_2/IMG/center_2017_11_07_23_10_54_041.jpg,/home/ilya/indeed/CarND-Behavioral-Cloning-P3/9_edge_avoidance_track_2/IMG/left_2017_11_07_23_10_54_041.jpg,/home/ilya/indeed/CarND-Behavioral-Cloning-P3/9_edge_avoidance_track_2/IMG/right_2017_11_07_23_10_54_041.jpg,0.4084507,1,0,9.709136
/home/ilya/indeed/CarND-Behavioral-Cloning-P3/9_edge_avoidance_track_2/IMG/center_2017_11_07_23_10_54_111.jpg,/home/ilya/indeed/CarND-Behavioral-Cloning-P3/9_edge_avoidance_track_2/IMG/left_2017_11_07_23_10_54_111.jpg,/home/ilya/indeed/CarND-Behavioral-Cloning-P3/9_edge_avoidance_track_2/IMG/right_2017_11_07_23_10_54_111.jpg,0.4084507,1,0,10.15878
/home/ilya/indeed/CarND-Behavioral-Cloning-P3/9_edge_avoidance_track_2/IMG/center_2017_11_07_23_10_54_179.jpg,/home/ilya/indeed/CarND-Behavioral-Cloning-P3/9_edge_avoidance_track_2/IMG/left_2017_11_07_23_10_54_179.jpg,/home/ilya/indeed/CarND-Behavioral-Cloning-P3/9_edge_avoidance_track_2/IMG/right_2017_11_07_23_10_54_179.jpg,0.4084507,1,0,10.52445
/home/ilya/indeed/CarND-Behavioral-Cloning-P3/9_edge_avoidance_track_2/IMG/center_2017_11_07_23_10_54_248.jpg,/home/ilya/indeed/CarND-Behavioral-Cloning-P3/9_edge_avoidance_track_2/IMG/left_2017_11_07_23_10_54_248.jpg,/home/ilya/indeed/CarND-Behavioral-Cloning-P3/9_edge_avoidance_track_2/IMG/right_2017_11_07_23_10_54_248.jpg,0.4084507,1,0,10.72552
/home/ilya/indeed/CarND-Behavioral-Cloning-P3/9_edge_avoidance_track_2/IMG/center_2017_11_07_23_10_54_319.jpg,/home/ilya/indeed/CarND-Behavioral-Cloning-P3/9_edge_avoidance_track_2/IMG/left_2017_11_07_23_10_54_319.jpg,/home/ilya/indeed/CarND-Behavioral-Cloning-P3/9_edge_avoidance_track_2/IMG/right_2017_11_07_23_10_54_319.jpg,0.4084507,1,0,10.95413
/home/ilya/indeed/CarND-Behavioral-Cloning-P3/9_edge_avoidance_track_2/IMG/center_2017_11_07_23_10_54_389.jpg,/home/ilya/indeed/CarND-Behavioral-Cloning-P3/9_edge_avoidance_track_2/IMG/left_2017_11_07_23_10_54_389.jpg,/home/ilya/indeed/CarND-Behavioral-Cloning-P3/9_edge_avoidance_track_2/IMG/right_2017_11_07_23_10_54_389.jpg,0.4084507,1,0,11.58968
/home/ilya/indeed/CarND-Behavioral-Cloning-P3/9_edge_avoidance_track_2/IMG/center_2017_11_07_23_10_54_460.jpg,/home/ilya/indeed/CarND-Behavioral-Cloning-P3/9_edge_avoidance_track_2/IMG/left_2017_11_07_23_10_54_460.jpg,/home/ilya/indeed/CarND-Behavioral-Cloning-P3/9_edge_avoidance_track_2/IMG/right_2017_11_07_23_10_54_460.jpg,0.4084507,1,0,11.56857
/home/ilya/indeed/CarND-Behavioral-Cloning-P3/9_edge_avoidance_track_2/IMG/center_2017_11_07_23_10_54_530.jpg,/home/ilya/indeed/CarND-Behavioral-Cloning-P3/9_edge_avoidance_track_2/IMG/left_2017_11_07_23_10_54_530.jpg,/home/ilya/indeed/CarND-Behavioral-Cloning-P3/9_edge_avoidance_track_2/IMG/right_2017_11_07_23_10_54_530.jpg,0.4084507,1,0,11.60107
/home/ilya/indeed/CarND-Behavioral-Cloning-P3/9_edge_avoidance_track_2/IMG/center_2017_11_07_23_10_54_601.jpg,/home/ilya/indeed/CarND-Behavioral-Cloning-P3/9_edge_avoidance_track_2/IMG/left_2017_11_07_23_10_54_601.jpg,/home/ilya/indeed/CarND-Behavioral-Cloning-P3/9_edge_avoidance_track_2/IMG/right_2017_11_07_23_10_54_601.jpg,0.4084507,1,0,11.41503
/home/ilya/indeed/CarND-Behavioral-Cloning-P3/9_edge_avoidance_track_2/IMG/center_2017_11_07_23_10_54_669.jpg,/home/ilya/indeed/CarND-Behavioral-Cloning-P3/9_edge_avoidance_track_2/IMG/left_2017_11_07_23_10_54_669.jpg,/home/ilya/indeed/CarND-Behavioral-Cloning-P3/9_edge_avoidance_track_2/IMG/right_2017_11_07_23_10_54_669.jpg,0.4084507,1,0,11.39316
/home/ilya/indeed/CarND-Behavioral-Cloning-P3/9_edge_avoidance_track_2/IMG/center_2017_11_07_23_10_54_740.jpg,/home/ilya/indeed/CarND-Behavioral-Cloning-P3/9_edge_avoidance_track_2/IMG/left_2017_11_07_23_10_54_740.jpg,/home/ilya/indeed/CarND-Behavioral-Cloning-P3/9_edge_avoidance_track_2/IMG/right_2017_11_07_23_10_54_740.jpg,0.4084507,1,0,11.55446
/home/ilya/indeed/CarND-Behavioral-Cloning-P3/9_edge_avoidance_track_2/IMG/center_2017_11_07_23_10_54_811.jpg,/home/ilya/indeed/CarND-Behavioral-Cloning-P3/9_edge_avoidance_track_2/IMG/left_2017_11_07_23_10_54_811.jpg,/home/ilya/indeed/CarND-Behavioral-Cloning-P3/9_edge_avoidance_track_2/IMG/right_2017_11_07_23_10_54_811.jpg,0,1,0,11.6764
/home/ilya/indeed/CarND-Behavioral-Cloning-P3/9_edge_avoidance_track_2/IMG/center_2017_11_07_23_10_54_882.jpg,/home/ilya/indeed/CarND-Behavioral-Cloning-P3/9_edge_avoidance_track_2/IMG/left_2017_11_07_23_10_54_882.jpg,/home/ilya/indeed/CarND-Behavioral-Cloning-P3/9_edge_avoidance_track_2/IMG/right_2017_11_07_23_10_54_882.jpg,0,0.8766634,0,11.73872
/home/ilya/indeed/CarND-Behavioral-Cloning-P3/9_edge_avoidance_track_2/IMG/center_2017_11_07_23_10_54_949.jpg,/home/ilya/indeed/CarND-Behavioral-Cloning-P3/9_edge_avoidance_track_2/IMG/left_2017_11_07_23_10_54_949.jpg,/home/ilya/indeed/CarND-Behavioral-Cloning-P3/9_edge_avoidance_track_2/IMG/right_2017_11_07_23_10_54_949.jpg,0,0.6475148,0,12.17724
/home/ilya/indeed/CarND-Behavioral-Cloning-P3/9_edge_avoidance_track_2/IMG/center_2017_11_07_23_10_55_036.jpg,/home/ilya/indeed/CarND-Behavioral-Cloning-P3/9_edge_avoidance_track_2/IMG/left_2017_11_07_23_10_55_036.jpg,/home/ilya/indeed/CarND-Behavioral-Cloning-P3/9_edge_avoidance_track_2/IMG/right_2017_11_07_23_10_55_036.jpg,0,0.416455,0,11.907
/home/ilya/indeed/CarND-Behavioral-Cloning-P3/9_edge_avoidance_track_2/IMG/center_2017_11_07_23_11_04_778.jpg,/home/ilya/indeed/CarND-Behavioral-Cloning-P3/9_edge_avoidance_track_2/IMG/left_2017_11_07_23_11_04_778.jpg,/home/ilya/indeed/CarND-Behavioral-Cloning-P3/9_edge_avoidance_track_2/IMG/right_2017_11_07_23_11_04_778.jpg,0,0.02421093,0,10.14965
/home/ilya/indeed/CarND-Behavioral-Cloning-P3/9_edge_avoidance_track_2/IMG/center_2017_11_07_23_11_04_846.jpg,/home/ilya/indeed/CarND-Behavioral-Cloning-P3/9_edge_avoidance_track_2/IMG/left_2017_11_07_23_11_04_846.jpg,/home/ilya/indeed/CarND-Behavioral-Cloning-P3/9_edge_avoidance_track_2/IMG/right_2017_11_07_23_11_04_846.jpg,0,0,0,10.18498
/home/ilya/indeed/CarND-Behavioral-Cloning-P3/9_edge_avoidance_track_2/IMG/center_2017_11_07_23_11_04_913.jpg,/home/ilya/indeed/CarND-Behavioral-Cloning-P3/9_edge_avoidance_track_2/IMG/left_2017_11_07_23_11_04_913.jpg,/home/ilya/indeed/CarND-Behavioral-Cloning-P3/9_edge_avoidance_track_2/IMG/right_2017_11_07_23_11_04_913.jpg,-0.1079812,0,0,10.19011
/home/ilya/indeed/CarND-Behavioral-Cloning-P3/9_edge_avoidance_track_2/IMG/center_2017_11_07_23_11_04_979.jpg,/home/ilya/indeed/CarND-Behavioral-Cloning-P3/9_edge_avoidance_track_2/IMG/left_2017_11_07_23_11_04_979.jpg,/home/ilya/indeed/CarND-Behavioral-Cloning-P3/9_edge_avoidance_track_2/IMG/right_2017_11_07_23_11_04_979.jpg,-0.6384977,0,0,10.09682
/home/ilya/indeed/CarND-Behavioral-Cloning-P3/9_edge_avoidance_track_2/IMG/center_2017_11_07_23_11_05_047.jpg,/home/ilya/indeed/CarND-Behavioral-Cloning-P3/9_edge_avoidance_track_2/IMG/left_2017_11_07_23_11_05_047.jpg,/home/ilya/indeed/CarND-Behavioral-Cloning-P3/9_edge_avoidance_track_2/IMG/right_2017_11_07_23_11_05_047.jpg,-1,0,0,9.771296
/home/ilya/indeed/CarND-Behavioral-Cloning-P3/9_edge_avoidance_track_2/IMG/center_2017_11_07_23_11_05_116.jpg,/home/ilya/indeed/CarND-Behavioral-Cloning-P3/9_edge_avoidance_track_2/IMG/left_2017_11_07_23_11_05_116.jpg,/home/ilya/indeed/CarND-Behavioral-Cloning-P3/9_edge_avoidance_track_2/IMG/right_2017_11_07_23_11_05_116.jpg,-1,0,0,9.669408
/home/ilya/indeed/CarND-Behavioral-Cloning-P3/9_edge_avoidance_track_2/IMG/center_2017_11_07_23_11_05_184.jpg,/home/ilya/indeed/CarND-Behavioral-Cloning-P3/9_edge_avoidance_track_2/IMG/left_2017_11_07_23_11_05_184.jpg,/home/ilya/indeed/CarND-Behavioral-Cloning-P3/9_edge_avoidance_track_2/IMG/right_2017_11_07_23_11_05_184.jpg,-1,0,0,9.686172
/home/ilya/indeed/CarND-Behavioral-Cloning-P3/9_edge_avoidance_track_2/IMG/center_2017_11_07_23_11_05_253.jpg,/home/ilya/indeed/CarND-Behavioral-Cloning-P3/9_edge_avoidance_track_2/IMG/left_2017_11_07_23_11_05_253.jpg,/home/ilya/indeed/CarND-Behavioral-Cloning-P3/9_edge_avoidance_track_2/IMG/right_2017_11_07_23_11_05_253.jpg,-1,0,0,9.713216
/home/ilya/indeed/CarND-Behavioral-Cloning-P3/9_edge_avoidance_track_2/IMG/center_2017_11_07_23_11_05_320.jpg,/home/ilya/indeed/CarND-Behavioral-Cloning-P3/9_edge_avoidance_track_2/IMG/left_2017_11_07_23_11_05_320.jpg,/home/ilya/indeed/CarND-Behavioral-Cloning-P3/9_edge_avoidance_track_2/IMG/right_2017_11_07_23_11_05_320.jpg,-1,0,0,9.700545
/home/ilya/indeed/CarND-Behavioral-Cloning-P3/9_edge_avoidance_track_2/IMG/center_2017_11_07_23_11_05_389.jpg,/home/ilya/indeed/CarND-Behavioral-Cloning-P3/9_edge_avoidance_track_2/IMG/left_2017_11_07_23_11_05_389.jpg,/home/ilya/indeed/CarND-Behavioral-Cloning-P3/9_edge_avoidance_track_2/IMG/right_2017_11_07_23_11_05_389.jpg,-1,0,0,9.638515
/home/ilya/indeed/CarND-Behavioral-Cloning-P3/9_edge_avoidance_track_2/IMG/center_2017_11_07_23_11_05_455.jpg,/home/ilya/indeed/CarND-Behavioral-Cloning-P3/9_edge_avoidance_track_2/IMG/left_2017_11_07_23_11_05_455.jpg,/home/ilya/indeed/CarND-Behavioral-Cloning-P3/9_edge_avoidance_track_2/IMG/right_2017_11_07_23_11_05_455.jpg,-1,0,0,9.604586
/home/ilya/indeed/CarND-Behavioral-Cloning-P3/9_edge_avoidance_track_2/IMG/center_2017_11_07_23_11_05_524.jpg,/home/ilya/indeed/CarND-Behavioral-Cloning-P3/9_edge_avoidance_track_2/IMG/left_2017_11_07_23_11_05_524.jpg,/home/ilya/indeed/CarND-Behavioral-Cloning-P3/9_edge_avoidance_track_2/IMG/right_2017_11_07_23_11_05_524.jpg,-1,0,0,9.570866
/home/ilya/indeed/CarND-Behavioral-Cloning-P3/9_edge_avoidance_track_2/IMG/center_2017_11_07_23_11_05_593.jpg,/home/ilya/indeed/CarND-Behavioral-Cloning-P3/9_edge_avoidance_track_2/IMG/left_2017_11_07_23_11_05_593.jpg,/home/ilya/indeed/CarND-Behavioral-Cloning-P3/9_edge_avoidance_track_2/IMG/right_2017_11_07_23_11_05_593.jpg,-1,0,0,9.474608
/home/ilya/indeed/CarND-Behavioral-Cloning-P3/9_edge_avoidance_track_2/IMG/center_2017_11_07_23_11_05_664.jpg,/home/ilya/indeed/CarND-Behavioral-Cloning-P3/9_edge_avoidance_track_2/IMG/left_2017_11_07_23_11_05_664.jpg,/home/ilya/indeed/CarND-Behavioral-Cloning-P3/9_edge_avoidance_track_2/IMG/right_2017_11_07_23_11_05_664.jpg,-1,0,0,9.133809
/home/ilya/indeed/CarND-Behavioral-Cloning-P3/9_edge_avoidance_track_2/IMG/center_2017_11_07_23_11_05_731.jpg,/home/ilya/indeed/CarND-Behavioral-Cloning-P3/9_edge_avoidance_track_2/IMG/left_2017_11_07_23_11_05_731.jpg,/home/ilya/indeed/CarND-Behavioral-Cloning-P3/9_edge_avoidance_track_2/IMG/right_2017_11_07_23_11_05_731.jpg,0,0,0,8.745691
/home/ilya/indeed/CarND-Behavioral-Cloning-P3/9_edge_avoidance_track_2/IMG/center_2017_11_07_23_11_05_798.jpg,/home/ilya/indeed/CarND-Behavioral-Cloning-P3/9_edge_avoidance_track_2/IMG/left_2017_11_07_23_11_05_798.jpg,/home/ilya/indeed/CarND-Behavioral-Cloning-P3/9_edge_avoidance_track_2/IMG/right_2017_11_07_23_11_05_798.jpg,0,0,0,8.47897
/home/ilya/indeed/CarND-Behavioral-Cloning-P3/9_edge_avoidance_track_2/IMG/center_2017_11_07_23_11_05_867.jpg,/home/ilya/indeed/CarND-Behavioral-Cloning-P3/9_edge_avoidance_track_2/IMG/left_2017_11_07_23_11_05_867.jpg,/home/ilya/indeed/CarND-Behavioral-Cloning-P3/9_edge_avoidance_track_2/IMG/right_2017_11_07_23_11_05_867.jpg,0,0,0,8.195812
/home/ilya/indeed/CarND-Behavioral-Cloning-P3/9_edge_avoidance_track_2/IMG/center_2017_11_07_23_11_05_934.jpg,/home/ilya/indeed/CarND-Behavioral-Cloning-P3/9_edge_avoidance_track_2/IMG/left_2017_11_07_23_11_05_934.jpg,/home/ilya/indeed/CarND-Behavioral-Cloning-P3/9_edge_avoidance_track_2/IMG/right_2017_11_07_23_11_05_934.jpg,0,0,0,8.009786
/home/ilya/indeed/CarND-Behavioral-Cloning-P3/9_edge_avoidance_track_2/IMG/center_2017_11_07_23_11_06_026.jpg,/home/ilya/indeed/CarND-Behavioral-Cloning-P3/9_edge_avoidance_track_2/IMG/left_2017_11_07_23_11_06_026.jpg,/home/ilya/indeed/CarND-Behavioral-Cloning-P3/9_edge_avoidance_track_2/IMG/right_2017_11_07_23_11_06_026.jpg,0,0,0,7.588898
/home/ilya/indeed/CarND-Behavioral-Cloning-P3/9_edge_avoidance_track_2/IMG/center_2017_11_07_23_11_15_203.jpg,/home/ilya/indeed/CarND-Behavioral-Cloning-P3/9_edge_avoidance_track_2/IMG/left_2017_11_07_23_11_15_203.jpg,/home/ilya/indeed/CarND-Behavioral-Cloning-P3/9_edge_avoidance_track_2/IMG/right_2017_11_07_23_11_15_203.jpg,0,0,0,0.6889933
/home/ilya/indeed/CarND-Behavioral-Cloning-P3/9_edge_avoidance_track_2/IMG/center_2017_11_07_23_11_15_272.jpg,/home/ilya/indeed/CarND-Behavioral-Cloning-P3/9_edge_avoidance_track_2/IMG/left_2017_11_07_23_11_15_272.jpg,/home/ilya/indeed/CarND-Behavioral-Cloning-P3/9_edge_avoidance_track_2/IMG/right_2017_11_07_23_11_15_272.jpg,0,0.06550169,0,0.463678
/home/ilya/indeed/CarND-Behavioral-Cloning-P3/9_edge_avoidance_track_2/IMG/center_2017_11_07_23_11_15_338.jpg,/home/ilya/indeed/CarND-Behavioral-Cloning-P3/9_edge_avoidance_track_2/IMG/left_2017_11_07_23_11_15_338.jpg,/home/ilya/indeed/CarND-Behavioral-Cloning-P3/9_edge_avoidance_track_2/IMG/right_2017_11_07_23_11_15_338.jpg,0,0.2525339,0,0.2892787
/home/ilya/indeed/CarND-Behavioral-Cloning-P3/9_edge_avoidance_track_2/IMG/center_2017_11_07_23_11_15_406.jpg,/home/ilya/indeed/CarND-Behavioral-Cloning-P3/9_edge_avoidance_track_2/IMG/left_2017_11_07_23_11_15_406.jpg,/home/ilya/indeed/CarND-Behavioral-Cloning-P3/9_edge_avoidance_track_2/IMG/right_2017_11_07_23_11_15_406.jpg,0,0.4918678,0,0.2579845
/home/ilya/indeed/CarND-Behavioral-Cloning-P3/9_edge_avoidance_track_2/IMG/center_2017_11_07_23_11_15_475.jpg,/home/ilya/indeed/CarND-Behavioral-Cloning-P3/9_edge_avoidance_track_2/IMG/left_2017_11_07_23_11_15_475.jpg,/home/ilya/indeed/CarND-Behavioral-Cloning-P3/9_edge_avoidance_track_2/IMG/right_2017_11_07_23_11_15_475.jpg,0,0.6755519,0,0.4277764
/home/ilya/indeed/CarND-Behavioral-Cloning-P3/9_edge_avoidance_track_2/IMG/center_2017_11_07_23_11_15_546.jpg,/home/ilya/indeed/CarND-Behavioral-Cloning-P3/9_edge_avoidance_track_2/IMG/left_2017_11_07_23_11_15_546.jpg,/home/ilya/indeed/CarND-Behavioral-Cloning-P3/9_edge_avoidance_track_2/IMG/right_2017_11_07_23_11_15_546.jpg,0,0.9122636,0,0.7269838
/home/ilya/indeed/CarND-Behavioral-Cloning-P3/9_edge_avoidance_track_2/IMG/center_2017_11_07_23_11_15_613.jpg,/home/ilya/indeed/CarND-Behavioral-Cloning-P3/9_edge_avoidance_track_2/IMG/left_2017_11_07_23_11_15_613.jpg,/home/ilya/indeed/CarND-Behavioral-Cloning-P3/9_edge_avoidance_track_2/IMG/right_2017_11_07_23_11_15_613.jpg,-0.004694836,1,0,1.055309
/home/ilya/indeed/CarND-Behavioral-Cloning-P3/9_edge_avoidance_track_2/IMG/center_2017_11_07_23_11_15_680.jpg,/home/ilya/indeed/CarND-Behavioral-Cloning-P3/9_edge_avoidance_track_2/IMG/left_2017_11_07_23_11_15_680.jpg,/home/ilya/indeed/CarND-Behavioral-Cloning-P3/9_edge_avoidance_track_2/IMG/right_2017_11_07_23_11_15_680.jpg,-0.0657277,1,0,1.465478
/home/ilya/indeed/CarND-Behavioral-Cloning-P3/9_edge_avoidance_track_2/IMG/center_2017_11_07_23_11_15_748.jpg,/home/ilya/indeed/CarND-Behavioral-Cloning-P3/9_edge_avoidance_track_2/IMG/left_2017_11_07_23_11_15_748.jpg,/home/ilya/indeed/CarND-Behavioral-Cloning-P3/9_edge_avoidance_track_2/IMG/right_2017_11_07_23_11_15_748.jpg,-0.1596244,1,0,1.94196
/home/ilya/indeed/CarND-Behavioral-Cloning-P3/9_edge_avoidance_track_2/IMG/center_2017_11_07_23_11_15_815.jpg,/home/ilya/indeed/CarND-Behavioral-Cloning-P3/9_edge_avoidance_track_2/IMG/left_2017_11_07_23_11_15_815.jpg,/home/ilya/indeed/CarND-Behavioral-Cloning-P3/9_edge_avoidance_track_2/IMG/right_2017_11_07_23_11_15_815.jpg,-0.1737089,1,0,2.343965
/home/ilya/indeed/CarND-Behavioral-Cloning-P3/9_edge_avoidance_track_2/IMG/center_2017_11_07_23_11_15_884.jpg,/home/ilya/indeed/CarND-Behavioral-Cloning-P3/9_edge_avoidance_track_2/IMG/left_2017_11_07_23_11_15_884.jpg,/home/ilya/indeed/CarND-Behavioral-Cloning-P3/9_edge_avoidance_track_2/IMG/right_2017_11_07_23_11_15_884.jpg,-0.1877934,1,0,2.901161
/home/ilya/indeed/CarND-Behavioral-Cloning-P3/9_edge_avoidance_track_2/IMG/center_2017_11_07_23_11_15_954.jpg,/home/ilya/indeed/CarND-Behavioral-Cloning-P3/9_edge_avoidance_track_2/IMG/left_2017_11_07_23_11_15_954.jpg,/home/ilya/indeed/CarND-Behavioral-Cloning-P3/9_edge_avoidance_track_2/IMG/right_2017_11_07_23_11_15_954.jpg,-0.2065728,1,0,3.335357
/home/ilya/indeed/CarND-Behavioral-Cloning-P3/9_edge_avoidance_track_2/IMG/center_2017_11_07_23_11_16_027.jpg,/home/ilya/indeed/CarND-Behavioral-Cloning-P3/9_edge_avoidance_track_2/IMG/left_2017_11_07_23_11_16_027.jpg,/home/ilya/indeed/CarND-Behavioral-Cloning-P3/9_edge_avoidance_track_2/IMG/right_2017_11_07_23_11_16_027.jpg,-0.2206573,1,0,3.860647
/home/ilya/indeed/CarND-Behavioral-Cloning-P3/9_edge_avoidance_track_2/IMG/center_2017_11_07_23_11_16_096.jpg,/home/ilya/indeed/CarND-Behavioral-Cloning-P3/9_edge_avoidance_track_2/IMG/left_2017_11_07_23_11_16_096.jpg,/home/ilya/indeed/CarND-Behavioral-Cloning-P3/9_edge_avoidance_track_2/IMG/right_2017_11_07_23_11_16_096.jpg,-0.2206573,1,0,4.253479
/home/ilya/indeed/CarND-Behavioral-Cloning-P3/9_edge_avoidance_track_2/IMG/center_2017_11_07_23_11_16_166.jpg,/home/ilya/indeed/CarND-Behavioral-Cloning-P3/9_edge_avoidance_track_2/IMG/left_2017_11_07_23_11_16_166.jpg,/home/ilya/indeed/CarND-Behavioral-Cloning-P3/9_edge_avoidance_track_2/IMG/right_2017_11_07_23_11_16_166.jpg,-0.2206573,1,0,4.771811
/home/ilya/indeed/CarND-Behavioral-Cloning-P3/9_edge_avoidance_track_2/IMG/center_2017_11_07_23_11_16_235.jpg,/home/ilya/indeed/CarND-Behavioral-Cloning-P3/9_edge_avoidance_track_2/IMG/left_2017_11_07_23_11_16_235.jpg,/home/ilya/indeed/CarND-Behavioral-Cloning-P3/9_edge_avoidance_track_2/IMG/right_2017_11_07_23_11_16_235.jpg,-0.2206573,1,0,5.155589
/home/ilya/indeed/CarND-Behavioral-Cloning-P3/9_edge_avoidance_track_2/IMG/center_2017_11_07_23_11_16_304.jpg,/home/ilya/indeed/CarND-Behavioral-Cloning-P3/9_edge_avoidance_track_2/IMG/left_2017_11_07_23_11_16_304.jpg,/home/ilya/indeed/CarND-Behavioral-Cloning-P3/9_edge_avoidance_track_2/IMG/right_2017_11_07_23_11_16_304.jpg,-0.2206573,1,0,5.650983
/home/ilya/indeed/CarND-Behavioral-Cloning-P3/9_edge_avoidance_track_2/IMG/center_2017_11_07_23_11_16_372.jpg,/home/ilya/indeed/CarND-Behavioral-Cloning-P3/9_edge_avoidance_track_2/IMG/left_2017_11_07_23_11_16_372.jpg,/home/ilya/indeed/CarND-Behavioral-Cloning-P3/9_edge_avoidance_track_2/IMG/right_2017_11_07_23_11_16_372.jpg,-0.2206573,1,0,6.016936
/home/ilya/indeed/CarND-Behavioral-Cloning-P3/9_edge_avoidance_track_2/IMG/center_2017_11_07_23_11_16_442.jpg,/home/ilya/indeed/CarND-Behavioral-Cloning-P3/9_edge_avoidance_track_2/IMG/left_2017_11_07_23_11_16_442.jpg,/home/ilya/indeed/CarND-Behavioral-Cloning-P3/9_edge_avoidance_track_2/IMG/right_2017_11_07_23_11_16_442.jpg,-0.2206573,1,0,6.380713
/home/ilya/indeed/CarND-Behavioral-Cloning-P3/9_edge_avoidance_track_2/IMG/center_2017_11_07_23_11_16_514.jpg,/home/ilya/indeed/CarND-Behavioral-Cloning-P3/9_edge_avoidance_track_2/IMG/left_2017_11_07_23_11_16_514.jpg,/home/ilya/indeed/CarND-Behavioral-Cloning-P3/9_edge_avoidance_track_2/IMG/right_2017_11_07_23_11_16_514.jpg,-0.2206573,1,0,6.861913
/home/ilya/indeed/CarND-Behavioral-Cloning-P3/9_edge_avoidance_track_2/IMG/center_2017_11_07_23_11_16_581.jpg,/home/ilya/indeed/CarND-Behavioral-Cloning-P3/9_edge_avoidance_track_2/IMG/left_2017_11_07_23_11_16_581.jpg,/home/ilya/indeed/CarND-Behavioral-Cloning-P3/9_edge_avoidance_track_2/IMG/right_2017_11_07_23_11_16_581.jpg,-0.2206573,1,0,7.219973
/home/ilya/indeed/CarND-Behavioral-Cloning-P3/9_edge_avoidance_track_2/IMG/center_2017_11_07_23_11_16_649.jpg,/home/ilya/indeed/CarND-Behavioral-Cloning-P3/9_edge_avoidance_track_2/IMG/left_2017_11_07_23_11_16_649.jpg,/home/ilya/indeed/CarND-Behavioral-Cloning-P3/9_edge_avoidance_track_2/IMG/right_2017_11_07_23_11_16_649.jpg,-0.2206573,1,0,7.674154
/home/ilya/indeed/CarND-Behavioral-Cloning-P3/9_edge_avoidance_track_2/IMG/center_2017_11_07_23_11_16_717.jpg,/home/ilya/indeed/CarND-Behavioral-Cloning-P3/9_edge_avoidance_track_2/IMG/left_2017_11_07_23_11_16_717.jpg,/home/ilya/indeed/CarND-Behavioral-Cloning-P3/9_edge_avoidance_track_2/IMG/right_2017_11_07_23_11_16_717.jpg,-0.2206573,1,0,8.038548
/home/ilya/indeed/CarND-Behavioral-Cloning-P3/9_edge_avoidance_track_2/IMG/center_2017_11_07_23_11_16_787.jpg,/home/ilya/indeed/CarND-Behavioral-Cloning-P3/9_edge_avoidance_track_2/IMG/left_2017_11_07_23_11_16_787.jpg,/home/ilya/indeed/CarND-Behavioral-Cloning-P3/9_edge_avoidance_track_2/IMG/right_2017_11_07_23_11_16_787.jpg,-0.2206573,1,0,8.581498
/home/ilya/indeed/CarND-Behavioral-Cloning-P3/9_edge_avoidance_track_2/IMG/center_2017_11_07_23_11_16_858.jpg,/home/ilya/indeed/CarND-Behavioral-Cloning-P3/9_edge_avoidance_track_2/IMG/left_2017_11_07_23_11_16_858.jpg,/home/ilya/indeed/CarND-Behavioral-Cloning-P3/9_edge_avoidance_track_2/IMG/right_2017_11_07_23_11_16_858.jpg,-0.2206573,1,0,8.963454
/home/ilya/indeed/CarND-Behavioral-Cloning-P3/9_edge_avoidance_track_2/IMG/center_2017_11_07_23_11_16_933.jpg,/home/ilya/indeed/CarND-Behavioral-Cloning-P3/9_edge_avoidance_track_2/IMG/left_2017_11_07_23_11_16_933.jpg,/home/ilya/indeed/CarND-Behavioral-Cloning-P3/9_edge_avoidance_track_2/IMG/right_2017_11_07_23_11_16_933.jpg,-0.2206573,1,0,9.484832
/home/ilya/indeed/CarND-Behavioral-Cloning-P3/9_edge_avoidance_track_2/IMG/center_2017_11_07_23_11_17_000.jpg,/home/ilya/indeed/CarND-Behavioral-Cloning-P3/9_edge_avoidance_track_2/IMG/left_2017_11_07_23_11_17_000.jpg,/home/ilya/indeed/CarND-Behavioral-Cloning-P3/9_edge_avoidance_track_2/IMG/right_2017_11_07_23_11_17_000.jpg,-0.2206573,1,0,9.883187
/home/ilya/indeed/CarND-Behavioral-Cloning-P3/9_edge_avoidance_track_2/IMG/center_2017_11_07_23_11_17_068.jpg,/home/ilya/indeed/CarND-Behavioral-Cloning-P3/9_edge_avoidance_track_2/IMG/left_2017_11_07_23_11_17_068.jpg,/home/ilya/indeed/CarND-Behavioral-Cloning-P3/9_edge_avoidance_track_2/IMG/right_2017_11_07_23_11_17_068.jpg,-0.2206573,1,0,10.36813
/home/ilya/indeed/CarND-Behavioral-Cloning-P3/9_edge_avoidance_track_2/IMG/center_2017_11_07_23_11_17_135.jpg,/home/ilya/indeed/CarND-Behavioral-Cloning-P3/9_edge_avoidance_track_2/IMG/left_2017_11_07_23_11_17_135.jpg,/home/ilya/indeed/CarND-Behavioral-Cloning-P3/9_edge_avoidance_track_2/IMG/right_2017_11_07_23_11_17_135.jpg,-0.2206573,1,0,10.7082
/home/ilya/indeed/CarND-Behavioral-Cloning-P3/9_edge_avoidance_track_2/IMG/center_2017_11_07_23_11_17_204.jpg,/home/ilya/indeed/CarND-Behavioral-Cloning-P3/9_edge_avoidance_track_2/IMG/left_2017_11_07_23_11_17_204.jpg,/home/ilya/indeed/CarND-Behavioral-Cloning-P3/9_edge_avoidance_track_2/IMG/right_2017_11_07_23_11_17_204.jpg,-0.2206573,1,0,11.15076
/home/ilya/indeed/CarND-Behavioral-Cloning-P3/9_edge_avoidance_track_2/IMG/center_2017_11_07_23_11_17_271.jpg,/home/ilya/indeed/CarND-Behavioral-Cloning-P3/9_edge_avoidance_track_2/IMG/left_2017_11_07_23_11_17_271.jpg,/home/ilya/indeed/CarND-Behavioral-Cloning-P3/9_edge_avoidance_track_2/IMG/right_2017_11_07_23_11_17_271.jpg,-0.2253521,1,0,11.29646
/home/ilya/indeed/CarND-Behavioral-Cloning-P3/9_edge_avoidance_track_2/IMG/center_2017_11_07_23_11_17_340.jpg,/home/ilya/indeed/CarND-Behavioral-Cloning-P3/9_edge_avoidance_track_2/IMG/left_2017_11_07_23_11_17_340.jpg,/home/ilya/indeed/CarND-Behavioral-Cloning-P3/9_edge_avoidance_track_2/IMG/right_2017_11_07_23_11_17_340.jpg,-0.2253521,1,0,11.86691
/home/ilya/indeed/CarND-Behavioral-Cloning-P3/9_edge_avoidance_track_2/IMG/center_2017_11_07_23_11_17_409.jpg,/home/ilya/indeed/CarND-Behavioral-Cloning-P3/9_edge_avoidance_track_2/IMG/left_2017_11_07_23_11_17_409.jpg,/home/ilya/indeed/CarND-Behavioral-Cloning-P3/9_edge_avoidance_track_2/IMG/right_2017_11_07_23_11_17_409.jpg,-0.2253521,1,0,12.29897
/home/ilya/indeed/CarND-Behavioral-Cloning-P3/9_edge_avoidance_track_2/IMG/center_2017_11_07_23_11_17_481.jpg,/home/ilya/indeed/CarND-Behavioral-Cloning-P3/9_edge_avoidance_track_2/IMG/left_2017_11_07_23_11_17_481.jpg,/home/ilya/indeed/CarND-Behavioral-Cloning-P3/9_edge_avoidance_track_2/IMG/right_2017_11_07_23_11_17_481.jpg,-0.2253521,1,0,12.64912
/home/ilya/indeed/CarND-Behavioral-Cloning-P3/9_edge_avoidance_track_2/IMG/center_2017_11_07_23_11_17_551.jpg,/home/ilya/indeed/CarND-Behavioral-Cloning-P3/9_edge_avoidance_track_2/IMG/left_2017_11_07_23_11_17_551.jpg,/home/ilya/indeed/CarND-Behavioral-Cloning-P3/9_edge_avoidance_track_2/IMG/right_2017_11_07_23_11_17_551.jpg,-0.2253521,1,0,12.96968
/home/ilya/indeed/CarND-Behavioral-Cloning-P3/9_edge_avoidance_track_2/IMG/center_2017_11_07_23_11_17_620.jpg,/home/ilya/indeed/CarND-Behavioral-Cloning-P3/9_edge_avoidance_track_2/IMG/left_2017_11_07_23_11_17_620.jpg,/home/ilya/indeed/CarND-Behavioral-Cloning-P3/9_edge_avoidance_track_2/IMG/right_2017_11_07_23_11_17_620.jpg,-0.2253521,1,0,13.01329
/home/ilya/indeed/CarND-Behavioral-Cloning-P3/9_edge_avoidance_track_2/IMG/center_2017_11_07_23_11_17_687.jpg,/home/ilya/indeed/CarND-Behavioral-Cloning-P3/9_edge_avoidance_track_2/IMG/left_2017_11_07_23_11_17_687.jpg,/home/ilya/indeed/CarND-Behavioral-Cloning-P3/9_edge_avoidance_track_2/IMG/right_2017_11_07_23_11_17_687.jpg,-0.2253521,1,0,13.50993
/home/ilya/indeed/CarND-Behavioral-Cloning-P3/9_edge_avoidance_track_2/IMG/center_2017_11_07_23_11_17_756.jpg,/home/ilya/indeed/CarND-Behavioral-Cloning-P3/9_edge_avoidance_track_2/IMG/left_2017_11_07_23_11_17_756.jpg,/home/ilya/indeed/CarND-Behavioral-Cloning-P3/9_edge_avoidance_track_2/IMG/right_2017_11_07_23_11_17_756.jpg,-0.2253521,1,0,13.86537
/home/ilya/indeed/CarND-Behavioral-Cloning-P3/9_edge_avoidance_track_2/IMG/center_2017_11_07_23_11_17_824.jpg,/home/ilya/indeed/CarND-Behavioral-Cloning-P3/9_edge_avoidance_track_2/IMG/left_2017_11_07_23_11_17_824.jpg,/home/ilya/indeed/CarND-Behavioral-Cloning-P3/9_edge_avoidance_track_2/IMG/right_2017_11_07_23_11_17_824.jpg,-0.2253521,1,0,14.23506
/home/ilya/indeed/CarND-Behavioral-Cloning-P3/9_edge_avoidance_track_2/IMG/center_2017_11_07_23_11_17_894.jpg,/home/ilya/indeed/CarND-Behavioral-Cloning-P3/9_edge_avoidance_track_2/IMG/left_2017_11_07_23_11_17_894.jpg,/home/ilya/indeed/CarND-Behavioral-Cloning-P3/9_edge_avoidance_track_2/IMG/right_2017_11_07_23_11_17_894.jpg,-0.2253521,1,0,14.40562
/home/ilya/indeed/CarND-Behavioral-Cloning-P3/9_edge_avoidance_track_2/IMG/center_2017_11_07_23_11_17_963.jpg,/home/ilya/indeed/CarND-Behavioral-Cloning-P3/9_edge_avoidance_track_2/IMG/left_2017_11_07_23_11_17_963.jpg,/home/ilya/indeed/CarND-Behavioral-Cloning-P3/9_edge_avoidance_track_2/IMG/right_2017_11_07_23_11_17_963.jpg,-0.2253521,1,0,14.68579
/home/ilya/indeed/CarND-Behavioral-Cloning-P3/9_edge_avoidance_track_2/IMG/center_2017_11_07_23_11_18_033.jpg,/home/ilya/indeed/CarND-Behavioral-Cloning-P3/9_edge_avoidance_track_2/IMG/left_2017_11_07_23_11_18_033.jpg,/home/ilya/indeed/CarND-Behavioral-Cloning-P3/9_edge_avoidance_track_2/IMG/right_2017_11_07_23_11_18_033.jpg,0,0.9236443,0,14.75284
/home/ilya/indeed/CarND-Behavioral-Cloning-P3/9_edge_avoidance_track_2/IMG/center_2017_11_07_23_11_18_101.jpg,/home/ilya/indeed/CarND-Behavioral-Cloning-P3/9_edge_avoidance_track_2/IMG/left_2017_11_07_23_11_18_101.jpg,/home/ilya/indeed/CarND-Behavioral-Cloning-P3/9_edge_avoidance_track_2/IMG/right_2017_11_07_23_11_18_101.jpg,0,0.7399659,0,14.75892
/home/ilya/indeed/CarND-Behavioral-Cloning-P3/9_edge_avoidance_track_2/IMG/center_2017_11_07_23_11_18_198.jpg,/home/ilya/indeed/CarND-Behavioral-Cloning-P3/9_edge_avoidance_track_2/IMG/left_2017_11_07_23_11_18_198.jpg,/home/ilya/indeed/CarND-Behavioral-Cloning-P3/9_edge_avoidance_track_2/IMG/right_2017_11_07_23_11_18_198.jpg,0,0.5101392,0,14.3878
